traj_cluster_ra,h,rs,n,prop
1,0,IMV,53,0.044915254237288135
1,0,LOW_O2,454,0.3847457627118644
1,0,NIV,39,0.03305084745762712
1,0,OTHER,3,0.002542372881355932
1,0,ROOM AIR,631,0.5347457627118644
1,1,IMV,54,0.04576271186440678
1,1,LOW_O2,420,0.3559322033898305
1,1,NIV,39,0.03305084745762712
1,1,OTHER,4,0.003389830508474576
1,1,ROOM AIR,663,0.561864406779661
1,2,IMV,53,0.044915254237288135
1,2,LOW_O2,407,0.34491525423728814
1,2,NIV,35,0.029661016949152543
1,2,OTHER,4,0.003389830508474576
1,2,ROOM AIR,681,0.5771186440677966
1,3,IMV,53,0.044915254237288135
1,3,LOW_O2,390,0.3305084745762712
1,3,NIV,34,0.0288135593220339
1,3,OTHER,4,0.003389830508474576
1,3,ROOM AIR,699,0.5923728813559322
1,4,IMV,50,0.0423728813559322
1,4,LOW_O2,396,0.33559322033898303
1,4,NIV,31,0.026271186440677965
1,4,OTHER,4,0.003389830508474576
1,4,ROOM AIR,699,0.5923728813559322
1,5,IMV,51,0.043220338983050846
1,5,LOW_O2,382,0.32372881355932204
1,5,NIV,26,0.022033898305084745
1,5,OTHER,4,0.003389830508474576
1,5,ROOM AIR,717,0.6076271186440678
1,6,IMV,48,0.04067796610169491
1,6,LOW_O2,370,0.3135593220338983
1,6,NIV,25,0.0211864406779661
1,6,OTHER,3,0.002542372881355932
1,6,ROOM AIR,734,0.6220338983050847
1,7,IMV,45,0.038135593220338986
1,7,LOW_O2,362,0.30677966101694915
1,7,NIV,21,0.017796610169491526
1,7,OTHER,3,0.002542372881355932
1,7,ROOM AIR,749,0.6347457627118644
1,8,IMV,41,0.03474576271186441
1,8,LOW_O2,337,0.28559322033898304
1,8,NIV,19,0.016101694915254237
1,8,OTHER,3,0.002542372881355932
1,8,ROOM AIR,780,0.6610169491525424
1,9,IMV,41,0.03474576271186441
1,9,LOW_O2,324,0.2745762711864407
1,9,NIV,21,0.017796610169491526
1,9,OTHER,2,0.001694915254237288
1,9,ROOM AIR,792,0.6711864406779661
1,10,IMV,40,0.03389830508474576
1,10,LOW_O2,322,0.27288135593220336
1,10,NIV,19,0.016101694915254237
1,10,OTHER,2,0.001694915254237288
1,10,ROOM AIR,797,0.6754237288135593
1,11,IMV,37,0.03135593220338983
1,11,LOW_O2,306,0.2593220338983051
1,11,NIV,19,0.016101694915254237
1,11,OTHER,3,0.002542372881355932
1,11,ROOM AIR,815,0.690677966101695
1,12,IMV,34,0.0288135593220339
1,12,LOW_O2,294,0.24915254237288137
1,12,NIV,21,0.017796610169491526
1,12,OTHER,4,0.003389830508474576
1,12,ROOM AIR,827,0.7008474576271186
1,13,IMV,31,0.026271186440677965
1,13,LOW_O2,278,0.23559322033898306
1,13,NIV,19,0.016101694915254237
1,13,OTHER,6,0.005084745762711864
1,13,ROOM AIR,846,0.7169491525423729
1,14,IMV,28,0.023728813559322035
1,14,LOW_O2,269,0.22796610169491524
1,14,NIV,19,0.016101694915254237
1,14,OTHER,3,0.002542372881355932
1,14,ROOM AIR,861,0.7296610169491525
1,15,IMV,27,0.02288135593220339
1,15,LOW_O2,253,0.21440677966101696
1,15,NIV,17,0.01440677966101695
1,15,OTHER,5,0.00423728813559322
1,15,ROOM AIR,878,0.7440677966101695
1,16,IMV,25,0.0211864406779661
1,16,LOW_O2,242,0.20508474576271185
1,16,NIV,16,0.013559322033898305
1,16,OTHER,5,0.00423728813559322
1,16,ROOM AIR,892,0.7559322033898305
1,17,IMV,21,0.017796610169491526
1,17,LOW_O2,237,0.20084745762711864
1,17,NIV,18,0.015254237288135594
1,17,OTHER,5,0.00423728813559322
1,17,ROOM AIR,899,0.761864406779661
1,18,IMV,20,0.01694915254237288
1,18,LOW_O2,231,0.19576271186440677
1,18,NIV,17,0.01440677966101695
1,18,OTHER,7,0.005932203389830509
1,18,ROOM AIR,905,0.7669491525423728
1,19,IMV,18,0.015254237288135594
1,19,LOW_O2,220,0.1864406779661017
1,19,NIV,13,0.011016949152542373
1,19,OTHER,5,0.00423728813559322
1,19,ROOM AIR,924,0.7830508474576271
1,20,IMV,17,0.01440677966101695
1,20,LOW_O2,214,0.18135593220338983
1,20,NIV,12,0.010169491525423728
1,20,OTHER,4,0.003389830508474576
1,20,ROOM AIR,933,0.7906779661016949
1,21,IMV,16,0.013559322033898305
1,21,LOW_O2,199,0.16864406779661018
1,21,NIV,12,0.010169491525423728
1,21,OTHER,4,0.003389830508474576
1,21,ROOM AIR,949,0.8042372881355933
1,22,IMV,16,0.013559322033898305
1,22,LOW_O2,185,0.15677966101694915
1,22,NIV,13,0.011016949152542373
1,22,OTHER,4,0.003389830508474576
1,22,ROOM AIR,962,0.8152542372881356
1,23,IMV,14,0.011864406779661017
1,23,LOW_O2,179,0.15169491525423728
1,23,NIV,10,0.00847457627118644
1,23,OTHER,5,0.00423728813559322
1,23,ROOM AIR,972,0.823728813559322
1,24,IMV,13,0.011016949152542373
1,24,LOW_O2,171,0.14491525423728813
1,24,NIV,12,0.010169491525423728
1,24,OTHER,5,0.00423728813559322
1,24,ROOM AIR,979,0.8296610169491525
1,25,IMV,13,0.011016949152542373
1,25,LOW_O2,165,0.13983050847457626
1,25,NIV,13,0.011016949152542373
1,25,OTHER,2,0.001694915254237288
1,25,ROOM AIR,987,0.8364406779661017
1,26,IMV,10,0.00847457627118644
1,26,LOW_O2,166,0.14067796610169492
1,26,NIV,10,0.00847457627118644
1,26,OTHER,3,0.002542372881355932
1,26,ROOM AIR,991,0.8398305084745763
1,27,IMV,9,0.007627118644067797
1,27,LOW_O2,170,0.1440677966101695
1,27,NIV,9,0.007627118644067797
1,27,OTHER,2,0.001694915254237288
1,27,ROOM AIR,990,0.8389830508474576
1,28,IMV,8,0.006779661016949152
1,28,LOW_O2,168,0.1423728813559322
1,28,NIV,9,0.007627118644067797
1,28,OTHER,1,8.47457627118644e-4
1,28,ROOM AIR,994,0.8423728813559322
1,29,IMV,7,0.005932203389830509
1,29,LOW_O2,166,0.14067796610169492
1,29,NIV,8,0.006779661016949152
1,29,OTHER,1,8.47457627118644e-4
1,29,ROOM AIR,998,0.8457627118644068
1,30,IMV,7,0.005932203389830509
1,30,LOW_O2,159,0.13474576271186442
1,30,NIV,7,0.005932203389830509
1,30,ROOM AIR,1007,0.8533898305084746
1,31,IMV,6,0.005084745762711864
1,31,LOW_O2,162,0.13728813559322034
1,31,NIV,10,0.00847457627118644
1,31,ROOM AIR,1002,0.8491525423728814
1,32,IMV,5,0.00423728813559322
1,32,LOW_O2,159,0.13474576271186442
1,32,NIV,8,0.006779661016949152
1,32,ROOM AIR,1008,0.8542372881355932
1,33,IMV,4,0.003389830508474576
1,33,LOW_O2,156,0.13220338983050847
1,33,NIV,9,0.007627118644067797
1,33,OTHER,2,0.001694915254237288
1,33,ROOM AIR,1009,0.8550847457627119
1,34,IMV,4,0.003389830508474576
1,34,LOW_O2,155,0.13135593220338984
1,34,NIV,9,0.007627118644067797
1,34,OTHER,2,0.001694915254237288
1,34,ROOM AIR,1010,0.8559322033898306
1,35,IMV,4,0.003389830508474576
1,35,LOW_O2,150,0.1271186440677966
1,35,NIV,10,0.00847457627118644
1,35,OTHER,3,0.002542372881355932
1,35,ROOM AIR,1013,0.8584745762711864
1,36,IMV,4,0.003389830508474576
1,36,LOW_O2,151,0.12796610169491526
1,36,NIV,9,0.007627118644067797
1,36,OTHER,3,0.002542372881355932
1,36,ROOM AIR,1013,0.8584745762711864
1,37,IMV,3,0.002542372881355932
1,37,LOW_O2,138,0.11694915254237288
1,37,NIV,7,0.005932203389830509
1,37,OTHER,3,0.002542372881355932
1,37,ROOM AIR,1029,0.8720338983050847
1,38,IMV,3,0.002542372881355932
1,38,LOW_O2,127,0.10762711864406779
1,38,NIV,8,0.006779661016949152
1,38,OTHER,2,0.001694915254237288
1,38,ROOM AIR,1040,0.8813559322033898
1,39,IMV,2,0.001694915254237288
1,39,LOW_O2,124,0.10508474576271186
1,39,NIV,9,0.007627118644067797
1,39,OTHER,1,8.47457627118644e-4
1,39,ROOM AIR,1044,0.8847457627118644
1,40,IMV,2,0.001694915254237288
1,40,LOW_O2,119,0.10084745762711865
1,40,NIV,10,0.00847457627118644
1,40,OTHER,1,8.47457627118644e-4
1,40,ROOM AIR,1048,0.888135593220339
1,41,IMV,2,0.001694915254237288
1,41,LOW_O2,115,0.09745762711864407
1,41,NIV,9,0.007627118644067797
1,41,OTHER,1,8.47457627118644e-4
1,41,ROOM AIR,1053,0.8923728813559322
1,42,IMV,2,0.001694915254237288
1,42,LOW_O2,114,0.09661016949152543
1,42,NIV,6,0.005084745762711864
1,42,OTHER,1,8.47457627118644e-4
1,42,ROOM AIR,1057,0.8957627118644068
1,43,IMV,2,0.001694915254237288
1,43,LOW_O2,105,0.08898305084745763
1,43,NIV,5,0.00423728813559322
1,43,ROOM AIR,1068,0.9050847457627119
1,44,IMV,2,0.001694915254237288
1,44,LOW_O2,103,0.08728813559322034
1,44,NIV,5,0.00423728813559322
1,44,ROOM AIR,1070,0.9067796610169492
1,45,IMV,2,0.001694915254237288
1,45,LOW_O2,102,0.08644067796610169
1,45,NIV,9,0.007627118644067797
1,45,ROOM AIR,1067,0.9042372881355932
1,46,IMV,1,8.47457627118644e-4
1,46,LOW_O2,107,0.09067796610169492
1,46,NIV,8,0.006779661016949152
1,46,ROOM AIR,1064,0.9016949152542373
1,47,IMV,1,8.47457627118644e-4
1,47,LOW_O2,111,0.0940677966101695
1,47,NIV,9,0.007627118644067797
1,47,OTHER,1,8.47457627118644e-4
1,47,ROOM AIR,1058,0.8966101694915254
1,48,IMV,1,8.47457627118644e-4
1,48,LOW_O2,110,0.09322033898305085
1,48,NIV,8,0.006779661016949152
1,48,OTHER,2,0.001694915254237288
1,48,ROOM AIR,1059,0.8974576271186441
1,49,IMV,1,8.47457627118644e-4
1,49,LOW_O2,102,0.08644067796610169
1,49,NIV,8,0.006779661016949152
1,49,OTHER,1,8.47457627118644e-4
1,49,ROOM AIR,1068,0.9050847457627119
1,50,IMV,1,8.47457627118644e-4
1,50,LOW_O2,94,0.07966101694915254
1,50,NIV,8,0.006779661016949152
1,50,OTHER,1,8.47457627118644e-4
1,50,ROOM AIR,1076,0.911864406779661
1,51,LOW_O2,99,0.08389830508474576
1,51,NIV,8,0.006779661016949152
1,51,OTHER,1,8.47457627118644e-4
1,51,ROOM AIR,1072,0.9084745762711864
1,52,IMV,1,8.47457627118644e-4
1,52,LOW_O2,105,0.08898305084745763
1,52,NIV,9,0.007627118644067797
1,52,ROOM AIR,1065,0.902542372881356
1,53,IMV,1,8.47457627118644e-4
1,53,LOW_O2,106,0.08983050847457627
1,53,NIV,5,0.00423728813559322
1,53,OTHER,1,8.47457627118644e-4
1,53,ROOM AIR,1067,0.9042372881355932
1,54,IMV,1,8.47457627118644e-4
1,54,LOW_O2,101,0.08559322033898305
1,54,NIV,5,0.00423728813559322
1,54,OTHER,1,8.47457627118644e-4
1,54,ROOM AIR,1072,0.9084745762711864
1,55,IMV,1,8.47457627118644e-4
1,55,LOW_O2,95,0.08050847457627118
1,55,NIV,4,0.003389830508474576
1,55,OTHER,1,8.47457627118644e-4
1,55,ROOM AIR,1079,0.9144067796610169
1,56,IMV,1,8.47457627118644e-4
1,56,LOW_O2,90,0.07627118644067797
1,56,NIV,4,0.003389830508474576
1,56,ROOM AIR,1085,0.9194915254237288
1,57,IMV,1,8.47457627118644e-4
1,57,LOW_O2,90,0.07627118644067797
1,57,NIV,3,0.002542372881355932
1,57,ROOM AIR,1086,0.9203389830508475
1,58,IMV,1,8.47457627118644e-4
1,58,LOW_O2,84,0.0711864406779661
1,58,NIV,3,0.002542372881355932
1,58,OTHER,1,8.47457627118644e-4
1,58,ROOM AIR,1091,0.9245762711864407
1,59,IMV,1,8.47457627118644e-4
1,59,LOW_O2,82,0.06949152542372881
1,59,NIV,1,8.47457627118644e-4
1,59,OTHER,2,0.001694915254237288
1,59,ROOM AIR,1094,0.9271186440677966
1,60,IMV,1,8.47457627118644e-4
1,60,LOW_O2,79,0.06694915254237288
1,60,NIV,2,0.001694915254237288
1,60,OTHER,1,8.47457627118644e-4
1,60,ROOM AIR,1097,0.9296610169491526
1,61,IMV,1,8.47457627118644e-4
1,61,LOW_O2,85,0.07203389830508475
1,61,NIV,2,0.001694915254237288
1,61,OTHER,1,8.47457627118644e-4
1,61,ROOM AIR,1091,0.9245762711864407
1,62,IMV,1,8.47457627118644e-4
1,62,LOW_O2,90,0.07627118644067797
1,62,NIV,1,8.47457627118644e-4
1,62,OTHER,2,0.001694915254237288
1,62,ROOM AIR,1086,0.9203389830508475
1,63,IMV,2,0.001694915254237288
1,63,LOW_O2,86,0.07288135593220339
1,63,NIV,3,0.002542372881355932
1,63,OTHER,2,0.001694915254237288
1,63,ROOM AIR,1087,0.9211864406779661
1,64,IMV,2,0.001694915254237288
1,64,LOW_O2,92,0.07796610169491526
1,64,NIV,2,0.001694915254237288
1,64,OTHER,2,0.001694915254237288
1,64,ROOM AIR,1082,0.9169491525423729
1,65,IMV,1,8.47457627118644e-4
1,65,LOW_O2,87,0.07372881355932204
1,65,NIV,6,0.005084745762711864
1,65,OTHER,2,0.001694915254237288
1,65,ROOM AIR,1084,0.9186440677966101
1,66,IMV,1,8.47457627118644e-4
1,66,LOW_O2,79,0.06694915254237288
1,66,NIV,5,0.00423728813559322
1,66,ROOM AIR,1095,0.9279661016949152
1,67,IMV,1,8.47457627118644e-4
1,67,LOW_O2,79,0.06694915254237288
1,67,NIV,5,0.00423728813559322
1,67,OTHER,1,8.47457627118644e-4
1,67,ROOM AIR,1094,0.9271186440677966
1,68,IMV,1,8.47457627118644e-4
1,68,LOW_O2,87,0.07372881355932204
1,68,NIV,2,0.001694915254237288
1,68,OTHER,2,0.001694915254237288
1,68,ROOM AIR,1088,0.9220338983050848
1,69,IMV,2,0.001694915254237288
1,69,LOW_O2,90,0.07627118644067797
1,69,NIV,1,8.47457627118644e-4
1,69,OTHER,1,8.47457627118644e-4
1,69,ROOM AIR,1086,0.9203389830508475
1,70,IMV,2,0.001694915254237288
1,70,LOW_O2,94,0.07966101694915254
1,70,NIV,1,8.47457627118644e-4
1,70,OTHER,2,0.001694915254237288
1,70,ROOM AIR,1081,0.9161016949152543
1,71,IMV,2,0.001694915254237288
1,71,LOW_O2,89,0.07542372881355933
1,71,NIV,3,0.002542372881355932
1,71,OTHER,1,8.47457627118644e-4
1,71,ROOM AIR,1085,0.9194915254237288
1,72,IMV,2,0.001694915254237288
1,72,LOW_O2,89,0.07542372881355933
1,72,NIV,2,0.001694915254237288
1,72,OTHER,1,8.47457627118644e-4
1,72,ROOM AIR,1086,0.9203389830508475
2,0,IMV,79,0.07509505703422054
2,0,LOW_O2,629,0.5979087452471483
2,0,NIV,286,0.2718631178707224
2,0,OTHER,5,0.004752851711026616
2,0,ROOM AIR,53,0.05038022813688213
2,1,IMV,77,0.07319391634980989
2,1,LOW_O2,629,0.5979087452471483
2,1,NIV,291,0.27661596958174905
2,1,OTHER,7,0.006653992395437262
2,1,ROOM AIR,48,0.045627376425855515
2,2,IMV,78,0.0741444866920152
2,2,LOW_O2,639,0.6074144486692015
2,2,NIV,283,0.26901140684410646
2,2,OTHER,6,0.005703422053231939
2,2,ROOM AIR,46,0.043726235741444866
2,3,IMV,71,0.06749049429657794
2,3,LOW_O2,658,0.6254752851711026
2,3,NIV,268,0.25475285171102663
2,3,OTHER,6,0.005703422053231939
2,3,ROOM AIR,49,0.04657794676806084
2,4,IMV,73,0.06939163498098859
2,4,LOW_O2,670,0.6368821292775665
2,4,NIV,262,0.24904942965779467
2,4,OTHER,4,0.0038022813688212928
2,4,ROOM AIR,43,0.0408745247148289
2,5,IMV,71,0.06749049429657794
2,5,LOW_O2,672,0.6387832699619772
2,5,NIV,259,0.2461977186311787
2,5,OTHER,6,0.005703422053231939
2,5,ROOM AIR,44,0.04182509505703422
2,6,IMV,70,0.06653992395437262
2,6,LOW_O2,685,0.6511406844106464
2,6,NIV,248,0.23574144486692014
2,6,OTHER,6,0.005703422053231939
2,6,ROOM AIR,43,0.0408745247148289
2,7,IMV,67,0.06368821292775666
2,7,LOW_O2,700,0.6653992395437263
2,7,NIV,245,0.23288973384030418
2,7,OTHER,3,0.0028517110266159697
2,7,ROOM AIR,37,0.03517110266159696
2,8,IMV,67,0.06368821292775666
2,8,LOW_O2,693,0.658745247148289
2,8,NIV,250,0.2376425855513308
2,8,OTHER,5,0.004752851711026616
2,8,ROOM AIR,37,0.03517110266159696
2,9,IMV,67,0.06368821292775666
2,9,LOW_O2,712,0.6768060836501901
2,9,NIV,236,0.22433460076045628
2,9,OTHER,8,0.0076045627376425855
2,9,ROOM AIR,29,0.027566539923954372
2,10,IMV,69,0.0655893536121673
2,10,LOW_O2,722,0.6863117870722434
2,10,NIV,228,0.21673003802281368
2,10,OTHER,6,0.005703422053231939
2,10,ROOM AIR,27,0.025665399239543727
2,11,IMV,72,0.06844106463878327
2,11,LOW_O2,713,0.6777566539923955
2,11,NIV,232,0.22053231939163498
2,11,OTHER,7,0.006653992395437262
2,11,ROOM AIR,28,0.026615969581749048
2,12,IMV,69,0.0655893536121673
2,12,LOW_O2,725,0.6891634980988594
2,12,NIV,222,0.21102661596958175
2,12,OTHER,9,0.008555133079847909
2,12,ROOM AIR,27,0.025665399239543727
2,13,IMV,69,0.0655893536121673
2,13,LOW_O2,734,0.6977186311787072
2,13,NIV,214,0.20342205323193915
2,13,OTHER,5,0.004752851711026616
2,13,ROOM AIR,30,0.028517110266159697
2,14,IMV,68,0.06463878326996197
2,14,LOW_O2,757,0.7195817490494296
2,14,NIV,197,0.18726235741444866
2,14,OTHER,4,0.0038022813688212928
2,14,ROOM AIR,26,0.024714828897338403
2,15,IMV,63,0.05988593155893536
2,15,LOW_O2,768,0.7300380228136882
2,15,NIV,192,0.18250950570342206
2,15,OTHER,4,0.0038022813688212928
2,15,ROOM AIR,25,0.02376425855513308
2,16,IMV,60,0.057034220532319393
2,16,LOW_O2,788,0.7490494296577946
2,16,NIV,172,0.1634980988593156
2,16,OTHER,4,0.0038022813688212928
2,16,ROOM AIR,28,0.026615969581749048
2,17,IMV,53,0.05038022813688213
2,17,LOW_O2,787,0.7480988593155894
2,17,NIV,174,0.16539923954372623
2,17,OTHER,9,0.008555133079847909
2,17,ROOM AIR,29,0.027566539923954372
2,18,IMV,49,0.04657794676806084
2,18,LOW_O2,795,0.7557034220532319
2,18,NIV,173,0.1644486692015209
2,18,OTHER,9,0.008555133079847909
2,18,ROOM AIR,26,0.024714828897338403
2,19,IMV,45,0.04277566539923954
2,19,LOW_O2,797,0.7576045627376425
2,19,NIV,172,0.1634980988593156
2,19,OTHER,6,0.005703422053231939
2,19,ROOM AIR,32,0.030418250950570342
2,20,IMV,41,0.03897338403041825
2,20,LOW_O2,793,0.7538022813688213
2,20,NIV,177,0.1682509505703422
2,20,OTHER,6,0.005703422053231939
2,20,ROOM AIR,35,0.03326996197718631
2,21,IMV,38,0.03612167300380228
2,21,LOW_O2,794,0.7547528517110266
2,21,NIV,180,0.17110266159695817
2,21,OTHER,8,0.0076045627376425855
2,21,ROOM AIR,32,0.030418250950570342
2,22,IMV,35,0.03326996197718631
2,22,LOW_O2,805,0.7652091254752852
2,22,NIV,168,0.1596958174904943
2,22,OTHER,8,0.0076045627376425855
2,22,ROOM AIR,36,0.034220532319391636
2,23,IMV,36,0.034220532319391636
2,23,LOW_O2,806,0.7661596958174905
2,23,NIV,171,0.16254752851711027
2,23,OTHER,5,0.004752851711026616
2,23,ROOM AIR,34,0.03231939163498099
2,24,IMV,35,0.03326996197718631
2,24,LOW_O2,822,0.7813688212927756
2,24,NIV,158,0.15019011406844107
2,24,OTHER,6,0.005703422053231939
2,24,ROOM AIR,31,0.029467680608365018
2,25,IMV,35,0.03326996197718631
2,25,LOW_O2,826,0.785171102661597
2,25,NIV,159,0.15114068441064638
2,25,OTHER,6,0.005703422053231939
2,25,ROOM AIR,26,0.024714828897338403
2,26,IMV,33,0.03136882129277566
2,26,LOW_O2,831,0.7899239543726235
2,26,NIV,158,0.15019011406844107
2,26,OTHER,6,0.005703422053231939
2,26,ROOM AIR,24,0.022813688212927757
2,27,IMV,29,0.027566539923954372
2,27,LOW_O2,824,0.7832699619771863
2,27,NIV,162,0.15399239543726237
2,27,OTHER,6,0.005703422053231939
2,27,ROOM AIR,31,0.029467680608365018
2,28,IMV,30,0.028517110266159697
2,28,LOW_O2,832,0.7908745247148289
2,28,NIV,155,0.1473384030418251
2,28,OTHER,5,0.004752851711026616
2,28,ROOM AIR,30,0.028517110266159697
2,29,IMV,31,0.029467680608365018
2,29,LOW_O2,831,0.7899239543726235
2,29,NIV,153,0.14543726235741444
2,29,OTHER,6,0.005703422053231939
2,29,ROOM AIR,31,0.029467680608365018
2,30,IMV,29,0.027566539923954372
2,30,LOW_O2,843,0.8013307984790875
2,30,NIV,148,0.14068441064638784
2,30,OTHER,7,0.006653992395437262
2,30,ROOM AIR,25,0.02376425855513308
2,31,IMV,26,0.024714828897338403
2,31,LOW_O2,846,0.8041825095057035
2,31,NIV,146,0.13878326996197718
2,31,OTHER,10,0.009505703422053232
2,31,ROOM AIR,24,0.022813688212927757
2,32,IMV,25,0.02376425855513308
2,32,LOW_O2,842,0.8003802281368821
2,32,NIV,150,0.14258555133079848
2,32,OTHER,11,0.010456273764258554
2,32,ROOM AIR,24,0.022813688212927757
2,33,IMV,26,0.024714828897338403
2,33,LOW_O2,854,0.811787072243346
2,33,NIV,134,0.12737642585551331
2,33,OTHER,12,0.011406844106463879
2,33,ROOM AIR,26,0.024714828897338403
2,34,IMV,25,0.02376425855513308
2,34,LOW_O2,862,0.8193916349809885
2,34,NIV,130,0.12357414448669202
2,34,OTHER,10,0.009505703422053232
2,34,ROOM AIR,25,0.02376425855513308
2,35,IMV,23,0.021863117870722433
2,35,LOW_O2,871,0.8279467680608364
2,35,NIV,126,0.11977186311787072
2,35,OTHER,8,0.0076045627376425855
2,35,ROOM AIR,24,0.022813688212927757
2,36,IMV,25,0.02376425855513308
2,36,LOW_O2,876,0.8326996197718631
2,36,NIV,113,0.10741444866920152
2,36,OTHER,9,0.008555133079847909
2,36,ROOM AIR,29,0.027566539923954372
2,37,IMV,23,0.021863117870722433
2,37,LOW_O2,888,0.844106463878327
2,37,NIV,106,0.10076045627376426
2,37,OTHER,6,0.005703422053231939
2,37,ROOM AIR,29,0.027566539923954372
2,38,IMV,23,0.021863117870722433
2,38,LOW_O2,894,0.8498098859315589
2,38,NIV,102,0.09695817490494296
2,38,OTHER,9,0.008555133079847909
2,38,ROOM AIR,24,0.022813688212927757
2,39,IMV,23,0.021863117870722433
2,39,LOW_O2,886,0.8422053231939164
2,39,NIV,105,0.09980988593155894
2,39,OTHER,10,0.009505703422053232
2,39,ROOM AIR,28,0.026615969581749048
2,40,IMV,21,0.019961977186311788
2,40,LOW_O2,882,0.8384030418250951
2,40,NIV,111,0.10551330798479087
2,40,OTHER,12,0.011406844106463879
2,40,ROOM AIR,26,0.024714828897338403
2,41,IMV,22,0.02091254752851711
2,41,LOW_O2,882,0.8384030418250951
2,41,NIV,110,0.10456273764258556
2,41,OTHER,11,0.010456273764258554
2,41,ROOM AIR,27,0.025665399239543727
2,42,IMV,25,0.02376425855513308
2,42,LOW_O2,888,0.844106463878327
2,42,NIV,104,0.09885931558935361
2,42,OTHER,9,0.008555133079847909
2,42,ROOM AIR,26,0.024714828897338403
2,43,IMV,23,0.021863117870722433
2,43,LOW_O2,889,0.8450570342205324
2,43,NIV,96,0.09125475285171103
2,43,OTHER,11,0.010456273764258554
2,43,ROOM AIR,33,0.03136882129277566
2,44,IMV,24,0.022813688212927757
2,44,LOW_O2,892,0.8479087452471483
2,44,NIV,92,0.08745247148288973
2,44,OTHER,9,0.008555133079847909
2,44,ROOM AIR,35,0.03326996197718631
2,45,IMV,24,0.022813688212927757
2,45,LOW_O2,888,0.844106463878327
2,45,NIV,85,0.08079847908745247
2,45,OTHER,15,0.014258555133079848
2,45,ROOM AIR,40,0.03802281368821293
2,46,IMV,20,0.019011406844106463
2,46,LOW_O2,893,0.8488593155893536
2,46,NIV,85,0.08079847908745247
2,46,OTHER,9,0.008555133079847909
2,46,ROOM AIR,45,0.04277566539923954
2,47,IMV,20,0.019011406844106463
2,47,LOW_O2,887,0.8431558935361216
2,47,NIV,87,0.08269961977186312
2,47,OTHER,8,0.0076045627376425855
2,47,ROOM AIR,50,0.04752851711026616
2,48,IMV,20,0.019011406844106463
2,48,LOW_O2,881,0.8374524714828897
2,48,NIV,92,0.08745247148288973
2,48,OTHER,5,0.004752851711026616
2,48,ROOM AIR,54,0.051330798479087454
2,49,IMV,21,0.019961977186311788
2,49,LOW_O2,878,0.8346007604562737
2,49,NIV,92,0.08745247148288973
2,49,OTHER,5,0.004752851711026616
2,49,ROOM AIR,56,0.053231939163498096
2,50,IMV,20,0.019011406844106463
2,50,LOW_O2,872,0.8288973384030418
2,50,NIV,100,0.09505703422053231
2,50,OTHER,6,0.005703422053231939
2,50,ROOM AIR,54,0.051330798479087454
2,51,IMV,20,0.019011406844106463
2,51,LOW_O2,873,0.8298479087452472
2,51,NIV,97,0.09220532319391635
2,51,OTHER,6,0.005703422053231939
2,51,ROOM AIR,56,0.053231939163498096
2,52,IMV,20,0.019011406844106463
2,52,LOW_O2,878,0.8346007604562737
2,52,NIV,89,0.08460076045627377
2,52,OTHER,9,0.008555133079847909
2,52,ROOM AIR,56,0.053231939163498096
2,53,IMV,19,0.01806083650190114
2,53,LOW_O2,874,0.8307984790874525
2,53,NIV,90,0.08555133079847908
2,53,OTHER,7,0.006653992395437262
2,53,ROOM AIR,62,0.058935361216730035
2,54,IMV,21,0.019961977186311788
2,54,LOW_O2,869,0.8260456273764258
2,54,NIV,90,0.08555133079847908
2,54,OTHER,10,0.009505703422053232
2,54,ROOM AIR,62,0.058935361216730035
2,55,IMV,21,0.019961977186311788
2,55,LOW_O2,871,0.8279467680608364
2,55,NIV,89,0.08460076045627377
2,55,OTHER,13,0.012357414448669201
2,55,ROOM AIR,58,0.055133079847908745
2,56,IMV,21,0.019961977186311788
2,56,LOW_O2,875,0.8317490494296578
2,56,NIV,86,0.0817490494296578
2,56,OTHER,13,0.012357414448669201
2,56,ROOM AIR,57,0.05418250950570342
2,57,IMV,21,0.019961977186311788
2,57,LOW_O2,871,0.8279467680608364
2,57,NIV,87,0.08269961977186312
2,57,OTHER,12,0.011406844106463879
2,57,ROOM AIR,61,0.05798479087452472
2,58,IMV,21,0.019961977186311788
2,58,LOW_O2,878,0.8346007604562737
2,58,NIV,88,0.08365019011406843
2,58,OTHER,9,0.008555133079847909
2,58,ROOM AIR,56,0.053231939163498096
2,59,IMV,21,0.019961977186311788
2,59,LOW_O2,881,0.8374524714828897
2,59,NIV,84,0.07984790874524715
2,59,OTHER,9,0.008555133079847909
2,59,ROOM AIR,57,0.05418250950570342
2,60,IMV,20,0.019011406844106463
2,60,LOW_O2,884,0.8403041825095057
2,60,NIV,80,0.07604562737642585
2,60,OTHER,11,0.010456273764258554
2,60,ROOM AIR,57,0.05418250950570342
2,61,IMV,22,0.02091254752851711
2,61,LOW_O2,882,0.8384030418250951
2,61,NIV,78,0.0741444866920152
2,61,OTHER,10,0.009505703422053232
2,61,ROOM AIR,60,0.057034220532319393
2,62,IMV,22,0.02091254752851711
2,62,LOW_O2,881,0.8374524714828897
2,62,NIV,76,0.07224334600760456
2,62,OTHER,9,0.008555133079847909
2,62,ROOM AIR,64,0.060836501901140684
2,63,IMV,22,0.02091254752851711
2,63,LOW_O2,882,0.8384030418250951
2,63,NIV,70,0.06653992395437262
2,63,OTHER,8,0.0076045627376425855
2,63,ROOM AIR,70,0.06653992395437262
2,64,IMV,22,0.02091254752851711
2,64,LOW_O2,873,0.8298479087452472
2,64,NIV,71,0.06749049429657794
2,64,OTHER,9,0.008555133079847909
2,64,ROOM AIR,77,0.07319391634980989
2,65,IMV,23,0.021863117870722433
2,65,LOW_O2,866,0.8231939163498099
2,65,NIV,71,0.06749049429657794
2,65,OTHER,8,0.0076045627376425855
2,65,ROOM AIR,84,0.07984790874524715
2,66,IMV,23,0.021863117870722433
2,66,LOW_O2,863,0.8203422053231939
2,66,NIV,74,0.07034220532319392
2,66,OTHER,8,0.0076045627376425855
2,66,ROOM AIR,84,0.07984790874524715
2,67,IMV,23,0.021863117870722433
2,67,LOW_O2,870,0.8269961977186312
2,67,NIV,69,0.0655893536121673
2,67,OTHER,8,0.0076045627376425855
2,67,ROOM AIR,82,0.0779467680608365
2,68,IMV,24,0.022813688212927757
2,68,LOW_O2,866,0.8231939163498099
2,68,NIV,62,0.058935361216730035
2,68,OTHER,6,0.005703422053231939
2,68,ROOM AIR,94,0.08935361216730038
2,69,IMV,26,0.024714828897338403
2,69,LOW_O2,856,0.8136882129277566
2,69,NIV,65,0.06178707224334601
2,69,OTHER,5,0.004752851711026616
2,69,ROOM AIR,100,0.09505703422053231
2,70,IMV,27,0.025665399239543727
2,70,LOW_O2,854,0.811787072243346
2,70,NIV,61,0.05798479087452472
2,70,OTHER,5,0.004752851711026616
2,70,ROOM AIR,105,0.09980988593155894
2,71,IMV,26,0.024714828897338403
2,71,LOW_O2,837,0.7956273764258555
2,71,NIV,72,0.06844106463878327
2,71,OTHER,7,0.006653992395437262
2,71,ROOM AIR,110,0.10456273764258556
2,72,IMV,26,0.024714828897338403
2,72,LOW_O2,826,0.785171102661597
2,72,NIV,71,0.06749049429657794
2,72,OTHER,12,0.011406844106463879
2,72,ROOM AIR,117,0.1112167300380228
3,0,IMV,9,0.027190332326283987
3,0,LOW_O2,61,0.18429003021148035
3,0,NIV,259,0.7824773413897281
3,0,OTHER,2,0.006042296072507553
3,1,IMV,10,0.030211480362537766
3,1,LOW_O2,58,0.17522658610271905
3,1,NIV,261,0.7885196374622356
3,1,OTHER,2,0.006042296072507553
3,2,IMV,10,0.030211480362537766
3,2,LOW_O2,49,0.14803625377643503
3,2,NIV,270,0.8157099697885196
3,2,OTHER,2,0.006042296072507553
3,3,IMV,10,0.030211480362537766
3,3,LOW_O2,51,0.1540785498489426
3,3,NIV,267,0.8066465256797583
3,3,OTHER,3,0.00906344410876133
3,4,IMV,10,0.030211480362537766
3,4,LOW_O2,55,0.1661631419939577
3,4,NIV,262,0.7915407854984894
3,4,OTHER,3,0.00906344410876133
3,4,ROOM AIR,1,0.0030211480362537764
3,5,IMV,10,0.030211480362537766
3,5,LOW_O2,56,0.1691842900302115
3,5,NIV,261,0.7885196374622356
3,5,OTHER,2,0.006042296072507553
3,5,ROOM AIR,2,0.006042296072507553
3,6,IMV,10,0.030211480362537766
3,6,LOW_O2,45,0.13595166163141995
3,6,NIV,269,0.8126888217522659
3,6,OTHER,3,0.00906344410876133
3,6,ROOM AIR,4,0.012084592145015106
3,7,IMV,10,0.030211480362537766
3,7,LOW_O2,48,0.14501510574018128
3,7,NIV,268,0.8096676737160121
3,7,OTHER,2,0.006042296072507553
3,7,ROOM AIR,3,0.00906344410876133
3,8,IMV,10,0.030211480362537766
3,8,LOW_O2,47,0.1419939577039275
3,8,NIV,270,0.8157099697885196
3,8,OTHER,2,0.006042296072507553
3,8,ROOM AIR,2,0.006042296072507553
3,9,IMV,9,0.027190332326283987
3,9,LOW_O2,45,0.13595166163141995
3,9,NIV,274,0.8277945619335347
3,9,OTHER,1,0.0030211480362537764
3,9,ROOM AIR,2,0.006042296072507553
3,10,IMV,8,0.02416918429003021
3,10,LOW_O2,49,0.14803625377643503
3,10,NIV,270,0.8157099697885196
3,10,OTHER,1,0.0030211480362537764
3,10,ROOM AIR,3,0.00906344410876133
3,11,IMV,8,0.02416918429003021
3,11,LOW_O2,48,0.14501510574018128
3,11,NIV,272,0.8217522658610272
3,11,OTHER,1,0.0030211480362537764
3,11,ROOM AIR,2,0.006042296072507553
3,12,IMV,9,0.027190332326283987
3,12,LOW_O2,50,0.1510574018126888
3,12,NIV,269,0.8126888217522659
3,12,OTHER,1,0.0030211480362537764
3,12,ROOM AIR,2,0.006042296072507553
3,13,IMV,9,0.027190332326283987
3,13,LOW_O2,45,0.13595166163141995
3,13,NIV,274,0.8277945619335347
3,13,OTHER,1,0.0030211480362537764
3,13,ROOM AIR,2,0.006042296072507553
3,14,IMV,8,0.02416918429003021
3,14,LOW_O2,43,0.1299093655589124
3,14,NIV,278,0.83987915407854985
3,14,ROOM AIR,2,0.006042296072507553
3,15,IMV,8,0.02416918429003021
3,15,LOW_O2,42,0.1268882175226586
3,15,NIV,279,0.8429003021148036
3,15,ROOM AIR,2,0.006042296072507553
3,16,IMV,8,0.02416918429003021
3,16,LOW_O2,41,0.12386706948640483
3,16,NIV,280,0.8459214501510574
3,16,OTHER,1,0.0030211480362537764
3,16,ROOM AIR,1,0.0030211480362537764
3,17,IMV,8,0.02416918429003021
3,17,LOW_O2,41,0.12386706948640483
3,17,NIV,280,0.8459214501510574
3,17,OTHER,1,0.0030211480362537764
3,17,ROOM AIR,1,0.0030211480362537764
3,18,IMV,7,0.021148036253776436
3,18,LOW_O2,39,0.11782477341389729
3,18,NIV,283,0.8549848942598187
3,18,OTHER,1,0.0030211480362537764
3,18,ROOM AIR,1,0.0030211480362537764
3,19,IMV,6,0.01812688821752266
3,19,LOW_O2,36,0.10876132930513595
3,19,NIV,286,0.8640483383685801
3,19,OTHER,2,0.006042296072507553
3,19,ROOM AIR,1,0.0030211480362537764
3,20,IMV,5,0.015105740181268883
3,20,LOW_O2,36,0.10876132930513595
3,20,NIV,288,0.8700906344410876
3,20,OTHER,1,0.0030211480362537764
3,20,ROOM AIR,1,0.0030211480362537764
3,21,IMV,4,0.012084592145015106
3,21,LOW_O2,35,0.10574018126888217
3,21,NIV,288,0.8700906344410876
3,21,OTHER,2,0.006042296072507553
3,21,ROOM AIR,2,0.006042296072507553
3,22,IMV,5,0.015105740181268883
3,22,LOW_O2,35,0.10574018126888217
3,22,NIV,289,0.8731117824773413
3,22,OTHER,2,0.006042296072507553
3,23,IMV,5,0.015105740181268883
3,23,LOW_O2,34,0.1027190332326284
3,23,NIV,290,0.8761329305135952
3,23,OTHER,2,0.006042296072507553
3,24,IMV,5,0.015105740181268883
3,24,LOW_O2,34,0.1027190332326284
3,24,NIV,290,0.8761329305135952
3,24,OTHER,2,0.006042296072507553
3,25,IMV,5,0.015105740181268883
3,25,LOW_O2,34,0.1027190332326284
3,25,NIV,290,0.8761329305135952
3,25,OTHER,1,0.0030211480362537764
3,25,ROOM AIR,1,0.0030211480362537764
3,26,IMV,5,0.015105740181268883
3,26,LOW_O2,34,0.1027190332326284
3,26,NIV,291,0.879154078549849
3,26,ROOM AIR,1,0.0030211480362537764
3,27,IMV,6,0.01812688821752266
3,27,LOW_O2,32,0.09667673716012085
3,27,NIV,292,0.8821752265861027
3,27,OTHER,1,0.0030211480362537764
3,28,IMV,5,0.015105740181268883
3,28,LOW_O2,27,0.08157099697885196
3,28,NIV,298,0.9003021148036254
3,28,OTHER,1,0.0030211480362537764
3,29,IMV,5,0.015105740181268883
3,29,LOW_O2,25,0.0755287009063444
3,29,NIV,300,0.9063444108761329
3,29,OTHER,1,0.0030211480362537764
3,30,IMV,7,0.021148036253776436
3,30,LOW_O2,27,0.08157099697885196
3,30,NIV,296,0.8942598187311178
3,30,OTHER,1,0.0030211480362537764
3,31,IMV,8,0.02416918429003021
3,31,LOW_O2,31,0.09365558912386707
3,31,NIV,292,0.8821752265861027
3,32,IMV,6,0.01812688821752266
3,32,LOW_O2,29,0.08761329305135952
3,32,NIV,296,0.8942598187311178
3,33,IMV,6,0.01812688821752266
3,33,LOW_O2,22,0.06646525679758308
3,33,NIV,303,0.9154078549848943
3,34,IMV,7,0.021148036253776436
3,34,LOW_O2,29,0.08761329305135952
3,34,NIV,295,0.8912386706948641
3,35,IMV,10,0.030211480362537766
3,35,LOW_O2,26,0.07854984894259819
3,35,NIV,294,0.8882175226586103
3,35,OTHER,1,0.0030211480362537764
3,36,IMV,10,0.030211480362537766
3,36,LOW_O2,23,0.06948640483383686
3,36,NIV,296,0.8942598187311178
3,36,OTHER,1,0.0030211480362537764
3,36,ROOM AIR,1,0.0030211480362537764
3,37,IMV,10,0.030211480362537766
3,37,LOW_O2,22,0.06646525679758308
3,37,NIV,297,0.8972809667673716
3,37,OTHER,1,0.0030211480362537764
3,37,ROOM AIR,1,0.0030211480362537764
3,38,IMV,10,0.030211480362537766
3,38,LOW_O2,18,0.054380664652567974
3,38,NIV,301,0.9093655589123867
3,38,OTHER,1,0.0030211480362537764
3,38,ROOM AIR,1,0.0030211480362537764
3,39,IMV,8,0.02416918429003021
3,39,LOW_O2,16,0.04833836858006042
3,39,NIV,305,0.9214501510574018
3,39,OTHER,1,0.0030211480362537764
3,39,ROOM AIR,1,0.0030211480362537764
3,40,IMV,7,0.021148036253776436
3,40,LOW_O2,18,0.054380664652567974
3,40,NIV,304,0.918429003021148
3,40,OTHER,1,0.0030211480362537764
3,40,ROOM AIR,1,0.0030211480362537764
3,41,IMV,6,0.01812688821752266
3,41,LOW_O2,15,0.045317220543806644
3,41,NIV,308,0.9305135951661632
3,41,OTHER,1,0.0030211480362537764
3,41,ROOM AIR,1,0.0030211480362537764
3,42,IMV,7,0.021148036253776436
3,42,LOW_O2,14,0.04229607250755287
3,42,NIV,308,0.9305135951661632
3,42,OTHER,1,0.0030211480362537764
3,42,ROOM AIR,1,0.0030211480362537764
3,43,IMV,8,0.02416918429003021
3,43,LOW_O2,14,0.04229607250755287
3,43,NIV,308,0.9305135951661632
3,43,OTHER,1,0.0030211480362537764
3,44,IMV,8,0.02416918429003021
3,44,LOW_O2,15,0.045317220543806644
3,44,NIV,307,0.9274924471299094
3,44,OTHER,1,0.0030211480362537764
3,45,IMV,8,0.02416918429003021
3,45,LOW_O2,16,0.04833836858006042
3,45,NIV,306,0.9244712990936556
3,45,OTHER,1,0.0030211480362537764
3,46,IMV,9,0.027190332326283987
3,46,LOW_O2,15,0.045317220543806644
3,46,NIV,307,0.9274924471299094
3,47,IMV,11,0.03323262839879154
3,47,LOW_O2,17,0.0513595166163142
3,47,NIV,303,0.9154078549848943
3,48,IMV,12,0.03625377643504532
3,48,LOW_O2,18,0.054380664652567974
3,48,NIV,301,0.9093655589123867
3,49,IMV,12,0.03625377643504532
3,49,LOW_O2,14,0.04229607250755287
3,49,NIV,305,0.9214501510574018
3,50,IMV,11,0.03323262839879154
3,50,LOW_O2,11,0.03323262839879154
3,50,NIV,309,0.9335347432024169
3,51,IMV,11,0.03323262839879154
3,51,LOW_O2,11,0.03323262839879154
3,51,NIV,309,0.9335347432024169
3,52,IMV,15,0.045317220543806644
3,52,LOW_O2,8,0.02416918429003021
3,52,NIV,307,0.9274924471299094
3,52,ROOM AIR,1,0.0030211480362537764
3,53,IMV,13,0.03927492447129909
3,53,LOW_O2,9,0.027190332326283987
3,53,NIV,307,0.9274924471299094
3,53,OTHER,1,0.0030211480362537764
3,53,ROOM AIR,1,0.0030211480362537764
3,54,IMV,14,0.04229607250755287
3,54,LOW_O2,10,0.030211480362537766
3,54,NIV,305,0.9214501510574018
3,54,ROOM AIR,2,0.006042296072507553
3,55,IMV,17,0.0513595166163142
3,55,LOW_O2,9,0.027190332326283987
3,55,NIV,304,0.918429003021148
3,55,ROOM AIR,1,0.0030211480362537764
3,56,IMV,17,0.0513595166163142
3,56,LOW_O2,6,0.01812688821752266
3,56,NIV,307,0.9274924471299094
3,56,ROOM AIR,1,0.0030211480362537764
3,57,IMV,16,0.04833836858006042
3,57,LOW_O2,13,0.03927492447129909
3,57,NIV,302,0.9123867069486404
3,58,IMV,16,0.04833836858006042
3,58,LOW_O2,10,0.030211480362537766
3,58,NIV,304,0.918429003021148
3,58,ROOM AIR,1,0.0030211480362537764
3,59,IMV,16,0.04833836858006042
3,59,LOW_O2,9,0.027190332326283987
3,59,NIV,305,0.9214501510574018
3,59,ROOM AIR,1,0.0030211480362537764
3,60,IMV,16,0.04833836858006042
3,60,LOW_O2,12,0.03625377643504532
3,60,NIV,302,0.9123867069486404
3,60,ROOM AIR,1,0.0030211480362537764
3,61,IMV,16,0.04833836858006042
3,61,LOW_O2,16,0.04833836858006042
3,61,NIV,299,0.9033232628398792
3,62,IMV,16,0.04833836858006042
3,62,LOW_O2,15,0.045317220543806644
3,62,NIV,299,0.9033232628398792
3,62,ROOM AIR,1,0.0030211480362537764
3,63,IMV,15,0.045317220543806644
3,63,LOW_O2,19,0.05740181268882175
3,63,NIV,296,0.8942598187311178
3,63,ROOM AIR,1,0.0030211480362537764
3,64,IMV,15,0.045317220543806644
3,64,LOW_O2,17,0.0513595166163142
3,64,NIV,298,0.9003021148036254
3,64,ROOM AIR,1,0.0030211480362537764
3,65,IMV,15,0.045317220543806644
3,65,LOW_O2,14,0.04229607250755287
3,65,NIV,301,0.9093655589123867
3,65,ROOM AIR,1,0.0030211480362537764
3,66,IMV,15,0.045317220543806644
3,66,LOW_O2,16,0.04833836858006042
3,66,NIV,299,0.9033232628398792
3,66,ROOM AIR,1,0.0030211480362537764
3,67,IMV,15,0.045317220543806644
3,67,LOW_O2,19,0.05740181268882175
3,67,NIV,292,0.8821752265861027
3,67,OTHER,1,0.0030211480362537764
3,67,ROOM AIR,4,0.012084592145015106
3,68,IMV,15,0.045317220543806644
3,68,LOW_O2,17,0.0513595166163142
3,68,NIV,293,0.8851963746223565
3,68,OTHER,2,0.006042296072507553
3,68,ROOM AIR,4,0.012084592145015106
3,69,IMV,15,0.045317220543806644
3,69,LOW_O2,20,0.06042296072507553
3,69,NIV,291,0.879154078549849
3,69,OTHER,1,0.0030211480362537764
3,69,ROOM AIR,4,0.012084592145015106
3,70,IMV,14,0.04229607250755287
3,70,LOW_O2,23,0.06948640483383686
3,70,NIV,288,0.8700906344410876
3,70,OTHER,1,0.0030211480362537764
3,70,ROOM AIR,5,0.015105740181268883
3,71,IMV,14,0.04229607250755287
3,71,LOW_O2,26,0.07854984894259819
3,71,NIV,287,0.8670694864048338
3,71,ROOM AIR,4,0.012084592145015106
3,72,IMV,14,0.04229607250755287
3,72,LOW_O2,28,0.08459214501510574
3,72,NIV,284,0.8580060422960725
3,72,OTHER,1,0.0030211480362537764
3,72,ROOM AIR,4,0.012084592145015106
4,0,IMV,272,0.7311827956989247
4,0,LOW_O2,34,0.0913978494623656
4,0,NIV,58,0.15591397849462366
4,0,OTHER,1,0.002688172043010753
4,0,ROOM AIR,7,0.01881720430107527
4,1,IMV,284,0.7634408602150538
4,1,LOW_O2,32,0.08602150537634409
4,1,NIV,50,0.13440860215053763
4,1,ROOM AIR,6,0.016129032258064516
4,2,IMV,291,0.782258064516129
4,2,LOW_O2,27,0.07258064516129033
4,2,NIV,48,0.12903225806451613
4,2,ROOM AIR,6,0.016129032258064516
4,3,IMV,296,0.7956989247311828
4,3,LOW_O2,23,0.06182795698924731
4,3,NIV,49,0.13172043010752688
4,3,ROOM AIR,4,0.010752688172043012
4,4,IMV,299,0.803763440860215
4,4,LOW_O2,24,0.06451612903225806
4,4,NIV,45,0.12096774193548387
4,4,ROOM AIR,4,0.010752688172043012
4,5,IMV,299,0.803763440860215
4,5,LOW_O2,19,0.051075268817204304
4,5,NIV,48,0.12903225806451613
4,5,OTHER,1,0.002688172043010753
4,5,ROOM AIR,5,0.013440860215053764
4,6,IMV,306,0.8225806451612904
4,6,LOW_O2,17,0.0456989247311828
4,6,NIV,43,0.11559139784946236
4,6,OTHER,1,0.002688172043010753
4,6,ROOM AIR,5,0.013440860215053764
4,7,IMV,311,0.8360215053763441
4,7,LOW_O2,15,0.04032258064516129
4,7,NIV,40,0.10752688172043011
4,7,OTHER,1,0.002688172043010753
4,7,ROOM AIR,5,0.013440860215053764
4,8,IMV,313,0.8413978494623656
4,8,LOW_O2,17,0.0456989247311828
4,8,NIV,37,0.09946236559139784
4,8,ROOM AIR,5,0.013440860215053764
4,9,IMV,318,0.8548387096774194
4,9,LOW_O2,16,0.043010752688172046
4,9,NIV,34,0.0913978494623656
4,9,ROOM AIR,4,0.010752688172043012
4,10,IMV,323,0.8682795698924731
4,10,LOW_O2,12,0.03225806451612903
4,10,NIV,33,0.08870967741935484
4,10,ROOM AIR,4,0.010752688172043012
4,11,IMV,326,0.8763440860215054
4,11,LOW_O2,14,0.03763440860215054
4,11,NIV,28,0.07526881720430108
4,11,ROOM AIR,4,0.010752688172043012
4,12,IMV,328,0.8817204301075269
4,12,LOW_O2,10,0.026881720430107527
4,12,NIV,31,0.08333333333333333
4,12,ROOM AIR,3,0.008064516129032258
4,13,IMV,333,0.8951612903225806
4,13,LOW_O2,10,0.026881720430107527
4,13,NIV,26,0.06989247311827956
4,13,ROOM AIR,3,0.008064516129032258
4,14,IMV,334,0.8978494623655914
4,14,LOW_O2,11,0.02956989247311828
4,14,NIV,24,0.06451612903225806
4,14,ROOM AIR,3,0.008064516129032258
4,15,IMV,337,0.9059139784946236
4,15,LOW_O2,10,0.026881720430107527
4,15,NIV,22,0.05913978494623656
4,15,ROOM AIR,3,0.008064516129032258
4,16,IMV,339,0.9112903225806451
4,16,LOW_O2,9,0.024193548387096774
4,16,NIV,21,0.056451612903225805
4,16,ROOM AIR,3,0.008064516129032258
4,17,IMV,339,0.9112903225806451
4,17,LOW_O2,7,0.01881720430107527
4,17,NIV,23,0.06182795698924731
4,17,ROOM AIR,3,0.008064516129032258
4,18,IMV,342,0.9193548387096774
4,18,LOW_O2,9,0.024193548387096774
4,18,NIV,18,0.04838709677419355
4,18,ROOM AIR,3,0.008064516129032258
4,19,IMV,344,0.9247311827956989
4,19,LOW_O2,6,0.016129032258064516
4,19,NIV,20,0.053763440860215055
4,19,ROOM AIR,2,0.005376344086021506
4,20,IMV,349,0.9381720430107527
4,20,LOW_O2,4,0.010752688172043012
4,20,NIV,18,0.04838709677419355
4,20,ROOM AIR,1,0.002688172043010753
4,21,IMV,350,0.9408602150537635
4,21,LOW_O2,3,0.008064516129032258
4,21,NIV,17,0.0456989247311828
4,21,ROOM AIR,2,0.005376344086021506
4,22,IMV,351,0.9435483870967742
4,22,LOW_O2,2,0.005376344086021506
4,22,NIV,17,0.0456989247311828
4,22,ROOM AIR,2,0.005376344086021506
4,23,IMV,352,0.946236559139785
4,23,LOW_O2,3,0.008064516129032258
4,23,NIV,16,0.043010752688172046
4,23,ROOM AIR,1,0.002688172043010753
4,24,IMV,351,0.9435483870967742
4,24,LOW_O2,2,0.005376344086021506
4,24,NIV,18,0.04838709677419355
4,24,ROOM AIR,1,0.002688172043010753
4,25,IMV,352,0.946236559139785
4,25,LOW_O2,2,0.005376344086021506
4,25,NIV,16,0.043010752688172046
4,25,ROOM AIR,2,0.005376344086021506
4,26,IMV,352,0.946236559139785
4,26,LOW_O2,3,0.008064516129032258
4,26,NIV,15,0.04032258064516129
4,26,ROOM AIR,2,0.005376344086021506
4,27,IMV,354,0.9516129032258065
4,27,LOW_O2,3,0.008064516129032258
4,27,NIV,14,0.03763440860215054
4,27,ROOM AIR,1,0.002688172043010753
4,28,IMV,354,0.9516129032258065
4,28,LOW_O2,4,0.010752688172043012
4,28,NIV,13,0.03494623655913978
4,28,ROOM AIR,1,0.002688172043010753
4,29,IMV,355,0.9543010752688172
4,29,LOW_O2,4,0.010752688172043012
4,29,NIV,13,0.03494623655913978
4,30,IMV,354,0.9516129032258065
4,30,LOW_O2,5,0.013440860215053764
4,30,NIV,13,0.03494623655913978
4,31,IMV,354,0.9516129032258065
4,31,LOW_O2,5,0.013440860215053764
4,31,NIV,12,0.03225806451612903
4,31,ROOM AIR,1,0.002688172043010753
4,32,IMV,356,0.956989247311828
4,32,LOW_O2,6,0.016129032258064516
4,32,NIV,10,0.026881720430107527
4,33,IMV,358,0.9623655913978495
4,33,LOW_O2,5,0.013440860215053764
4,33,NIV,9,0.024193548387096774
4,34,IMV,357,0.9596774193548387
4,34,LOW_O2,4,0.010752688172043012
4,34,NIV,11,0.02956989247311828
4,35,IMV,358,0.9623655913978495
4,35,LOW_O2,4,0.010752688172043012
4,35,NIV,10,0.026881720430107527
4,36,IMV,359,0.9650537634408602
4,36,LOW_O2,4,0.010752688172043012
4,36,NIV,9,0.024193548387096774
4,37,IMV,356,0.956989247311828
4,37,LOW_O2,4,0.010752688172043012
4,37,NIV,11,0.02956989247311828
4,37,OTHER,1,0.002688172043010753
4,38,IMV,356,0.956989247311828
4,38,LOW_O2,3,0.008064516129032258
4,38,NIV,12,0.03225806451612903
4,38,OTHER,1,0.002688172043010753
4,39,IMV,354,0.9516129032258065
4,39,LOW_O2,3,0.008064516129032258
4,39,NIV,13,0.03494623655913978
4,39,OTHER,2,0.005376344086021506
4,40,IMV,354,0.9516129032258065
4,40,LOW_O2,3,0.008064516129032258
4,40,NIV,14,0.03763440860215054
4,40,OTHER,1,0.002688172043010753
4,41,IMV,350,0.9408602150537635
4,41,LOW_O2,6,0.016129032258064516
4,41,NIV,13,0.03494623655913978
4,41,OTHER,1,0.002688172043010753
4,41,ROOM AIR,2,0.005376344086021506
4,42,IMV,347,0.9327956989247311
4,42,LOW_O2,9,0.024193548387096774
4,42,NIV,14,0.03763440860215054
4,42,OTHER,1,0.002688172043010753
4,42,ROOM AIR,1,0.002688172043010753
4,43,IMV,344,0.9247311827956989
4,43,LOW_O2,8,0.021505376344086023
4,43,NIV,16,0.043010752688172046
4,43,OTHER,1,0.002688172043010753
4,43,ROOM AIR,3,0.008064516129032258
4,44,IMV,343,0.9220430107526881
4,44,LOW_O2,10,0.026881720430107527
4,44,NIV,15,0.04032258064516129
4,44,OTHER,1,0.002688172043010753
4,44,ROOM AIR,3,0.008064516129032258
4,45,IMV,342,0.9193548387096774
4,45,LOW_O2,11,0.02956989247311828
4,45,NIV,15,0.04032258064516129
4,45,OTHER,1,0.002688172043010753
4,45,ROOM AIR,3,0.008064516129032258
4,46,IMV,340,0.9139784946236559
4,46,LOW_O2,11,0.02956989247311828
4,46,NIV,16,0.043010752688172046
4,46,OTHER,2,0.005376344086021506
4,46,ROOM AIR,3,0.008064516129032258
4,47,IMV,339,0.9112903225806451
4,47,LOW_O2,12,0.03225806451612903
4,47,NIV,17,0.0456989247311828
4,47,OTHER,1,0.002688172043010753
4,47,ROOM AIR,3,0.008064516129032258
4,48,IMV,335,0.9005376344086021
4,48,LOW_O2,12,0.03225806451612903
4,48,NIV,19,0.051075268817204304
4,48,OTHER,1,0.002688172043010753
4,48,ROOM AIR,5,0.013440860215053764
4,49,IMV,337,0.9059139784946236
4,49,LOW_O2,11,0.02956989247311828
4,49,NIV,18,0.04838709677419355
4,49,OTHER,1,0.002688172043010753
4,49,ROOM AIR,5,0.013440860215053764
4,50,IMV,336,0.9032258064516129
4,50,LOW_O2,7,0.01881720430107527
4,50,NIV,20,0.053763440860215055
4,50,OTHER,1,0.002688172043010753
4,50,ROOM AIR,8,0.021505376344086023
4,51,IMV,332,0.8924731182795699
4,51,LOW_O2,8,0.021505376344086023
4,51,NIV,23,0.06182795698924731
4,51,OTHER,1,0.002688172043010753
4,51,ROOM AIR,8,0.021505376344086023
4,52,IMV,332,0.8924731182795699
4,52,LOW_O2,9,0.024193548387096774
4,52,NIV,22,0.05913978494623656
4,52,OTHER,1,0.002688172043010753
4,52,ROOM AIR,8,0.021505376344086023
4,53,IMV,335,0.9005376344086021
4,53,LOW_O2,10,0.026881720430107527
4,53,NIV,20,0.053763440860215055
4,53,OTHER,1,0.002688172043010753
4,53,ROOM AIR,6,0.016129032258064516
4,54,IMV,334,0.8978494623655914
4,54,LOW_O2,10,0.026881720430107527
4,54,NIV,21,0.056451612903225805
4,54,OTHER,1,0.002688172043010753
4,54,ROOM AIR,6,0.016129032258064516
4,55,IMV,333,0.8951612903225806
4,55,LOW_O2,12,0.03225806451612903
4,55,NIV,20,0.053763440860215055
4,55,OTHER,1,0.002688172043010753
4,55,ROOM AIR,6,0.016129032258064516
4,56,IMV,330,0.8870967741935484
4,56,LOW_O2,17,0.0456989247311828
4,56,NIV,18,0.04838709677419355
4,56,OTHER,1,0.002688172043010753
4,56,ROOM AIR,6,0.016129032258064516
4,57,IMV,327,0.8790322580645161
4,57,LOW_O2,18,0.04838709677419355
4,57,NIV,19,0.051075268817204304
4,57,OTHER,1,0.002688172043010753
4,57,ROOM AIR,7,0.01881720430107527
4,58,IMV,323,0.8682795698924731
4,58,LOW_O2,22,0.05913978494623656
4,58,NIV,19,0.051075268817204304
4,58,OTHER,1,0.002688172043010753
4,58,ROOM AIR,7,0.01881720430107527
4,59,IMV,321,0.8629032258064516
4,59,LOW_O2,19,0.051075268817204304
4,59,NIV,23,0.06182795698924731
4,59,OTHER,1,0.002688172043010753
4,59,ROOM AIR,8,0.021505376344086023
4,60,IMV,319,0.8575268817204301
4,60,LOW_O2,20,0.053763440860215055
4,60,NIV,24,0.06451612903225806
4,60,OTHER,1,0.002688172043010753
4,60,ROOM AIR,8,0.021505376344086023
4,61,IMV,318,0.8548387096774194
4,61,LOW_O2,20,0.053763440860215055
4,61,NIV,24,0.06451612903225806
4,61,OTHER,1,0.002688172043010753
4,61,ROOM AIR,9,0.024193548387096774
4,62,IMV,317,0.8521505376344086
4,62,LOW_O2,23,0.06182795698924731
4,62,NIV,22,0.05913978494623656
4,62,OTHER,1,0.002688172043010753
4,62,ROOM AIR,9,0.024193548387096774
4,63,IMV,312,0.8387096774193549
4,63,LOW_O2,28,0.07526881720430108
4,63,NIV,21,0.056451612903225805
4,63,OTHER,1,0.002688172043010753
4,63,ROOM AIR,10,0.026881720430107527
4,64,IMV,311,0.8360215053763441
4,64,LOW_O2,28,0.07526881720430108
4,64,NIV,21,0.056451612903225805
4,64,OTHER,1,0.002688172043010753
4,64,ROOM AIR,11,0.02956989247311828
4,65,IMV,309,0.8306451612903226
4,65,LOW_O2,32,0.08602150537634409
4,65,NIV,20,0.053763440860215055
4,65,ROOM AIR,11,0.02956989247311828
4,66,IMV,305,0.8198924731182796
4,66,LOW_O2,33,0.08870967741935484
4,66,NIV,22,0.05913978494623656
4,66,ROOM AIR,12,0.03225806451612903
4,67,IMV,304,0.8172043010752689
4,67,LOW_O2,32,0.08602150537634409
4,67,NIV,23,0.06182795698924731
4,67,ROOM AIR,13,0.03494623655913978
4,68,IMV,305,0.8198924731182796
4,68,LOW_O2,34,0.0913978494623656
4,68,NIV,21,0.056451612903225805
4,68,OTHER,1,0.002688172043010753
4,68,ROOM AIR,11,0.02956989247311828
4,69,IMV,305,0.8198924731182796
4,69,LOW_O2,34,0.0913978494623656
4,69,NIV,20,0.053763440860215055
4,69,OTHER,1,0.002688172043010753
4,69,ROOM AIR,12,0.03225806451612903
4,70,IMV,306,0.8225806451612904
4,70,LOW_O2,33,0.08870967741935484
4,70,NIV,19,0.051075268817204304
4,70,OTHER,2,0.005376344086021506
4,70,ROOM AIR,12,0.03225806451612903
4,71,IMV,303,0.8145161290322581
4,71,LOW_O2,32,0.08602150537634409
4,71,NIV,21,0.056451612903225805
4,71,OTHER,2,0.005376344086021506
4,71,ROOM AIR,14,0.03763440860215054
4,72,IMV,305,0.8198924731182796
4,72,LOW_O2,30,0.08064516129032258
4,72,NIV,20,0.053763440860215055
4,72,OTHER,2,0.005376344086021506
4,72,ROOM AIR,15,0.04032258064516129
