county_code,traj_cluster_ra,n,county_total,prop_cluster_in_county,cluster_total,prop_county_in_cluster,n_suppressed,prop_cluster_in_county_suppressed,prop_county_in_cluster_suppressed,site_name
00000,1,1,1,1,11962,8.359806052499582e-5,NA,NA,NA,Hopkins
01089,4,1,1,1,10538,9.48946669197191e-5,NA,NA,NA,Hopkins
01115,4,1,1,1,10538,9.48946669197191e-5,NA,NA,NA,Hopkins
02000,5,1,1,1,2969,3.368137420006736e-4,NA,NA,NA,Hopkins
04013,1,2,23,0.08695652173913043,11962,1.6719612104999163e-4,NA,NA,NA,Hopkins
04013,2,2,23,0.08695652173913043,7334,2.727024815925825e-4,NA,NA,NA,Hopkins
04013,4,19,23,0.8260869565217391,10538,0.001802998671474663,19,0.8260869565217391,0.001802998671474663,Hopkins
06013,1,1,1,1,11962,8.359806052499582e-5,NA,NA,NA,Hopkins
06037,1,1,34,0.029411764705882353,11962,8.359806052499582e-5,NA,NA,NA,Hopkins
06037,2,16,34,0.47058823529411764,7334,0.00218161985274066,16,0.47058823529411764,0.00218161985274066,Hopkins
06037,5,17,34,0.5,2969,0.0057258336140114515,17,0.5,0.0057258336140114515,Hopkins
06059,1,1,3,0.3333333333333333,11962,8.359806052499582e-5,NA,NA,NA,Hopkins
06059,3,1,3,0.3333333333333333,12484,8.010253123998718e-5,NA,NA,NA,Hopkins
06059,5,1,3,0.3333333333333333,2969,3.368137420006736e-4,NA,NA,NA,Hopkins
06067,4,1,1,1,10538,9.48946669197191e-5,NA,NA,NA,Hopkins
06071,1,1,1,1,11962,8.359806052499582e-5,NA,NA,NA,Hopkins
06087,3,1,1,1,12484,8.010253123998718e-5,NA,NA,NA,Hopkins
06113,3,1,1,1,12484,8.010253123998718e-5,NA,NA,NA,Hopkins
08005,5,1,1,1,2969,3.368137420006736e-4,NA,NA,NA,Hopkins
08069,3,1,18,0.05555555555555555,12484,8.010253123998718e-5,NA,NA,NA,Hopkins
08069,4,16,18,0.8888888888888888,10538,0.0015183146707155057,16,0.8888888888888888,0.0015183146707155057,Hopkins
08069,5,1,18,0.05555555555555555,2969,3.368137420006736e-4,NA,NA,NA,Hopkins
09000,3,1,1,1,12484,8.010253123998718e-5,NA,NA,NA,Hopkins
09001,1,16,17,0.9411764705882353,11962,0.001337568968399933,16,0.9411764705882353,0.001337568968399933,Hopkins
09001,2,1,17,0.058823529411764705,7334,1.3635124079629124e-4,NA,NA,NA,Hopkins
09003,1,1,2,0.5,11962,8.359806052499582e-5,NA,NA,NA,Hopkins
09003,4,1,2,0.5,10538,9.48946669197191e-5,NA,NA,NA,Hopkins
09007,3,1,1,1,12484,8.010253123998718e-5,NA,NA,NA,Hopkins
09009,2,1,1,1,7334,1.3635124079629124e-4,NA,NA,NA,Hopkins
09011,2,1,1,1,7334,1.3635124079629124e-4,NA,NA,NA,Hopkins
10000,2,17,37,0.4594594594594595,7334,0.002317971093536951,17,0.4594594594594595,0.002317971093536951,Hopkins
10000,3,2,37,0.05405405405405406,12484,1.6020506247997436e-4,NA,NA,NA,Hopkins
10000,4,1,37,0.02702702702702703,10538,9.48946669197191e-5,NA,NA,NA,Hopkins
10000,5,17,37,0.4594594594594595,2969,0.0057258336140114515,17,0.4594594594594595,0.0057258336140114515,Hopkins
10001,1,4,14,0.2857142857142857,11962,3.3439224209998327e-4,NA,NA,NA,Hopkins
10001,2,3,14,0.21428571428571427,7334,4.0905372238887375e-4,NA,NA,NA,Hopkins
10001,3,4,14,0.2857142857142857,12484,3.204101249599487e-4,NA,NA,NA,Hopkins
10001,4,3,14,0.21428571428571427,10538,2.8468400075915733e-4,NA,NA,NA,Hopkins
10003,1,2,8,0.25,11962,1.6719612104999163e-4,NA,NA,NA,Hopkins
10003,2,1,8,0.125,7334,1.3635124079629124e-4,NA,NA,NA,Hopkins
10003,3,2,8,0.25,12484,1.6020506247997436e-4,NA,NA,NA,Hopkins
10003,4,1,8,0.125,10538,9.48946669197191e-5,NA,NA,NA,Hopkins
10003,5,2,8,0.25,2969,6.736274840013472e-4,NA,NA,NA,Hopkins
10005,1,4,55,0.07272727272727272,11962,3.3439224209998327e-4,NA,NA,NA,Hopkins
10005,2,14,55,0.2545454545454545,7334,0.0019089173711480775,14,0.2545454545454545,0.0019089173711480775,Hopkins
10005,3,10,55,0.18181818181818182,12484,8.010253123998718e-4,NA,NA,NA,Hopkins
10005,4,8,55,0.14545454545454545,10538,7.591573353577528e-4,NA,NA,NA,Hopkins
10005,5,19,55,0.34545454545454546,2969,0.006399461098012799,19,0.34545454545454546,0.006399461098012799,Hopkins
11000,1,165,681,0.2422907488986784,11962,0.01379367998662431,165,0.2422907488986784,0.01379367998662431,Hopkins
11000,2,108,681,0.15859030837004406,7334,0.014725934005999454,108,0.15859030837004406,0.014725934005999454,Hopkins
11000,3,111,681,0.16299559471365638,12484,0.008891380967638578,111,0.16299559471365638,0.008891380967638578,Hopkins
11000,4,258,681,0.3788546255506608,10538,0.02448282406528753,258,0.3788546255506608,0.02448282406528753,Hopkins
11000,5,39,681,0.05726872246696035,2969,0.013135735938026272,39,0.05726872246696035,0.013135735938026272,Hopkins
11001,1,450,2068,0.21760154738878143,11962,0.03761912723624812,450,0.21760154738878143,0.03761912723624812,Hopkins
11001,2,134,2068,0.06479690522243714,7334,0.018271066266703027,134,0.06479690522243714,0.018271066266703027,Hopkins
11001,3,826,2068,0.3994197292069632,12484,0.06616469080422942,826,0.3994197292069632,0.06616469080422942,Hopkins
11001,4,418,2068,0.20212765957446807,10538,0.03966597077244259,418,0.20212765957446807,0.03966597077244259,Hopkins
11001,5,240,2068,0.11605415860735009,2969,0.08083529808016167,240,0.11605415860735009,0.08083529808016167,Hopkins
12000,2,1,4,0.25,7334,1.3635124079629124e-4,NA,NA,NA,Hopkins
12000,3,1,4,0.25,12484,8.010253123998718e-5,NA,NA,NA,Hopkins
12000,4,2,4,0.5,10538,1.897893338394382e-4,NA,NA,NA,Hopkins
12001,3,1,1,1,12484,8.010253123998718e-5,NA,NA,NA,Hopkins
12009,5,1,1,1,2969,3.368137420006736e-4,NA,NA,NA,Hopkins
12011,4,1,1,1,10538,9.48946669197191e-5,NA,NA,NA,Hopkins
12013,4,1,1,1,10538,9.48946669197191e-5,NA,NA,NA,Hopkins
12021,2,1,2,0.5,7334,1.3635124079629124e-4,NA,NA,NA,Hopkins
12021,3,1,2,0.5,12484,8.010253123998718e-5,NA,NA,NA,Hopkins
12031,1,1,2,0.5,11962,8.359806052499582e-5,NA,NA,NA,Hopkins
12031,2,1,2,0.5,7334,1.3635124079629124e-4,NA,NA,NA,Hopkins
12035,3,1,1,1,12484,8.010253123998718e-5,NA,NA,NA,Hopkins
12057,2,16,33,0.48484848484848486,7334,0.00218161985274066,16,0.48484848484848486,0.00218161985274066,Hopkins
12057,4,16,33,0.48484848484848486,10538,0.0015183146707155057,16,0.48484848484848486,0.0015183146707155057,Hopkins
12057,5,1,33,0.030303030303030304,2969,3.368137420006736e-4,NA,NA,NA,Hopkins
12069,4,1,1,1,10538,9.48946669197191e-5,NA,NA,NA,Hopkins
12071,4,1,2,0.5,10538,9.48946669197191e-5,NA,NA,NA,Hopkins
12071,5,1,2,0.5,2969,3.368137420006736e-4,NA,NA,NA,Hopkins
12073,3,1,1,1,12484,8.010253123998718e-5,NA,NA,NA,Hopkins
12085,3,1,1,1,12484,8.010253123998718e-5,NA,NA,NA,Hopkins
12086,1,1,4,0.25,11962,8.359806052499582e-5,NA,NA,NA,Hopkins
12086,4,2,4,0.5,10538,1.897893338394382e-4,NA,NA,NA,Hopkins
12086,5,1,4,0.25,2969,3.368137420006736e-4,NA,NA,NA,Hopkins
12093,5,1,1,1,2969,3.368137420006736e-4,NA,NA,NA,Hopkins
12097,4,1,1,1,10538,9.48946669197191e-5,NA,NA,NA,Hopkins
12099,2,2,7,0.2857142857142857,7334,2.727024815925825e-4,NA,NA,NA,Hopkins
12099,3,3,7,0.42857142857142855,12484,2.4030759371996156e-4,NA,NA,NA,Hopkins
12099,4,2,7,0.2857142857142857,10538,1.897893338394382e-4,NA,NA,NA,Hopkins
12101,3,1,1,1,12484,8.010253123998718e-5,NA,NA,NA,Hopkins
12103,3,1,2,0.5,12484,8.010253123998718e-5,NA,NA,NA,Hopkins
12103,4,1,2,0.5,10538,9.48946669197191e-5,NA,NA,NA,Hopkins
12105,3,1,2,0.5,12484,8.010253123998718e-5,NA,NA,NA,Hopkins
12105,5,1,2,0.5,2969,3.368137420006736e-4,NA,NA,NA,Hopkins
12111,1,1,2,0.5,11962,8.359806052499582e-5,NA,NA,NA,Hopkins
12111,2,1,2,0.5,7334,1.3635124079629124e-4,NA,NA,NA,Hopkins
12113,4,1,1,1,10538,9.48946669197191e-5,NA,NA,NA,Hopkins
12115,3,1,2,0.5,12484,8.010253123998718e-5,NA,NA,NA,Hopkins
12115,4,1,2,0.5,10538,9.48946669197191e-5,NA,NA,NA,Hopkins
12119,3,1,2,0.5,12484,8.010253123998718e-5,NA,NA,NA,Hopkins
12119,4,1,2,0.5,10538,9.48946669197191e-5,NA,NA,NA,Hopkins
12127,4,1,1,1,10538,9.48946669197191e-5,NA,NA,NA,Hopkins
12131,5,1,1,1,2969,3.368137420006736e-4,NA,NA,NA,Hopkins
13000,3,16,16,1,12484,0.001281640499839795,16,1,0.001281640499839795,Hopkins
13015,5,1,1,1,2969,3.368137420006736e-4,NA,NA,NA,Hopkins
13059,1,16,16,1,11962,0.001337568968399933,16,1,0.001337568968399933,Hopkins
13067,3,1,1,1,12484,8.010253123998718e-5,NA,NA,NA,Hopkins
13077,3,1,1,1,12484,8.010253123998718e-5,NA,NA,NA,Hopkins
13245,4,1,1,1,10538,9.48946669197191e-5,NA,NA,NA,Hopkins
13285,2,32,32,1,7334,0.00436323970548132,32,1,0.00436323970548132,Hopkins
15000,4,1,1,1,10538,9.48946669197191e-5,NA,NA,NA,Hopkins
15003,3,1,1,1,12484,8.010253123998718e-5,NA,NA,NA,Hopkins
16017,5,1,1,1,2969,3.368137420006736e-4,NA,NA,NA,Hopkins
17093,1,1,1,1,11962,8.359806052499582e-5,NA,NA,NA,Hopkins
17097,2,1,2,0.5,7334,1.3635124079629124e-4,NA,NA,NA,Hopkins
17097,3,1,2,0.5,12484,8.010253123998718e-5,NA,NA,NA,Hopkins
18053,2,16,16,1,7334,0.00218161985274066,16,1,0.00218161985274066,Hopkins
18057,3,1,1,1,12484,8.010253123998718e-5,NA,NA,NA,Hopkins
18097,4,2,2,1,10538,1.897893338394382e-4,NA,NA,NA,Hopkins
20173,5,1,1,1,2969,3.368137420006736e-4,NA,NA,NA,Hopkins
21000,2,17,17,1,7334,0.002317971093536951,17,1,0.002317971093536951,Hopkins
21067,3,1,1,1,12484,8.010253123998718e-5,NA,NA,NA,Hopkins
21195,1,16,16,1,11962,0.001337568968399933,16,1,0.001337568968399933,Hopkins
21199,4,1,1,1,10538,9.48946669197191e-5,NA,NA,NA,Hopkins
22005,4,1,1,1,10538,9.48946669197191e-5,NA,NA,NA,Hopkins
22011,3,1,1,1,12484,8.010253123998718e-5,NA,NA,NA,Hopkins
22015,3,1,1,1,12484,8.010253123998718e-5,NA,NA,NA,Hopkins
22051,1,1,1,1,11962,8.359806052499582e-5,NA,NA,NA,Hopkins
22089,4,1,1,1,10538,9.48946669197191e-5,NA,NA,NA,Hopkins
22097,3,1,1,1,12484,8.010253123998718e-5,NA,NA,NA,Hopkins
22115,1,1,1,1,11962,8.359806052499582e-5,NA,NA,NA,Hopkins
23027,2,1,1,1,7334,1.3635124079629124e-4,NA,NA,NA,Hopkins
24000,1,444,1891,0.23479640401903754,11962,0.03711753887309814,444,0.23479640401903754,0.03711753887309814,Hopkins
24000,2,366,1891,0.1935483870967742,7334,0.0499045541314426,366,0.1935483870967742,0.0499045541314426,Hopkins
24000,3,502,1891,0.2654680063458488,12484,0.04021147068247356,502,0.2654680063458488,0.04021147068247356,Hopkins
24000,4,462,1891,0.24431517715494447,10538,0.04384133611691023,462,0.24431517715494447,0.04384133611691023,Hopkins
24000,5,117,1891,0.06187202538339503,2969,0.03940720781407881,117,0.06187202538339503,0.03940720781407881,Hopkins
24001,1,4,53,0.07547169811320754,11962,3.3439224209998327e-4,NA,NA,NA,Hopkins
24001,2,6,53,0.11320754716981132,7334,8.181074447777475e-4,NA,NA,NA,Hopkins
24001,3,18,53,0.33962264150943394,12484,0.0014418455623197693,18,0.33962264150943394,0.0014418455623197693,Hopkins
24001,4,22,53,0.41509433962264153,10538,0.0020876826722338203,22,0.41509433962264153,0.0020876826722338203,Hopkins
24001,5,3,53,0.05660377358490566,2969,0.0010104412260020209,NA,NA,NA,Hopkins
24003,1,327,1570,0.20828025477707007,11962,0.027336565791673633,327,0.20828025477707007,0.027336565791673633,Hopkins
24003,2,235,1570,0.14968152866242038,7334,0.032042541587128444,235,0.14968152866242038,0.032042541587128444,Hopkins
24003,3,460,1570,0.2929936305732484,12484,0.036847164370394106,460,0.2929936305732484,0.036847164370394106,Hopkins
24003,4,423,1570,0.2694267515923567,10538,0.040140444107041186,423,0.2694267515923567,0.040140444107041186,Hopkins
24003,5,125,1570,0.07961783439490445,2969,0.04210171775008421,125,0.07961783439490445,0.04210171775008421,Hopkins
24005,1,2516,9640,0.26099585062240666,11962,0.21033272028088948,2516,0.26099585062240666,0.21033272028088948,Hopkins
24005,2,1472,9640,0.15269709543568466,7334,0.20070902645214073,1472,0.15269709543568466,0.20070902645214073,Hopkins
24005,3,2912,9640,0.3020746887966805,12484,0.23325857097084268,2912,0.3020746887966805,0.23325857097084268,Hopkins
24005,4,2173,9640,0.2254149377593361,10538,0.20620611121654964,2173,0.2254149377593361,0.20620611121654964,Hopkins
24005,5,567,9640,0.058817427385892115,2969,0.19097339171438193,567,0.058817427385892115,0.19097339171438193,Hopkins
24009,1,9,74,0.12162162162162163,11962,7.523825447249624e-4,NA,NA,NA,Hopkins
24009,2,8,74,0.10810810810810811,7334,0.00109080992637033,NA,NA,NA,Hopkins
24009,3,48,74,0.6486486486486487,12484,0.003844921499519385,48,0.6486486486486487,0.003844921499519385,Hopkins
24009,4,8,74,0.10810810810810811,10538,7.591573353577528e-4,NA,NA,NA,Hopkins
24009,5,1,74,0.013513513513513514,2969,3.368137420006736e-4,NA,NA,NA,Hopkins
24011,2,5,28,0.17857142857142858,7334,6.817562039814562e-4,NA,NA,NA,Hopkins
24011,3,4,28,0.14285714285714285,12484,3.204101249599487e-4,NA,NA,NA,Hopkins
24011,4,19,28,0.6785714285714286,10538,0.001802998671474663,19,0.6785714285714286,0.001802998671474663,Hopkins
24013,1,138,432,0.3194444444444444,11962,0.011536532352449422,138,0.3194444444444444,0.011536532352449422,Hopkins
24013,2,86,432,0.19907407407407407,7334,0.011726206708481048,86,0.19907407407407407,0.011726206708481048,Hopkins
24013,3,52,432,0.12037037037037036,12484,0.004165331624479333,52,0.12037037037037036,0.004165331624479333,Hopkins
24013,4,144,432,0.3333333333333333,10538,0.013664832036439553,144,0.3333333333333333,0.013664832036439553,Hopkins
24013,5,12,432,0.027777777777777776,2969,0.0040417649040080834,12,0.027777777777777776,0.0040417649040080834,Hopkins
24015,1,4,33,0.12121212121212122,11962,3.3439224209998327e-4,NA,NA,NA,Hopkins
24015,2,7,33,0.21212121212121213,7334,9.544586855740388e-4,NA,NA,NA,Hopkins
24015,3,11,33,0.3333333333333333,12484,8.81127843639859e-4,11,0.3333333333333333,8.81127843639859e-4,Hopkins
24015,4,8,33,0.24242424242424243,10538,7.591573353577528e-4,NA,NA,NA,Hopkins
24015,5,3,33,0.09090909090909091,2969,0.0010104412260020209,NA,NA,NA,Hopkins
24017,1,24,134,0.1791044776119403,11962,0.0020063534525998996,24,0.1791044776119403,0.0020063534525998996,Hopkins
24017,2,30,134,0.22388059701492538,7334,0.004090537223888737,30,0.22388059701492538,0.004090537223888737,Hopkins
24017,3,8,134,0.05970149253731343,12484,6.408202499198974e-4,NA,NA,NA,Hopkins
24017,4,65,134,0.48507462686567165,10538,0.006168153349781743,65,0.48507462686567165,0.006168153349781743,Hopkins
24017,5,7,134,0.05223880597014925,2969,0.0023576961940047153,NA,NA,NA,Hopkins
24019,1,33,80,0.4125,11962,0.002758735997324862,33,0.4125,0.002758735997324862,Hopkins
24019,2,36,80,0.45,7334,0.004908644668666485,36,0.45,0.004908644668666485,Hopkins
24019,3,4,80,0.05,12484,3.204101249599487e-4,NA,NA,NA,Hopkins
24019,4,5,80,0.0625,10538,4.7447333459859557e-4,NA,NA,NA,Hopkins
24019,5,2,80,0.025,2969,6.736274840013472e-4,NA,NA,NA,Hopkins
24021,1,70,493,0.14198782961460446,11962,0.0058518642367497075,70,0.14198782961460446,0.0058518642367497075,Hopkins
24021,2,202,493,0.40973630831643004,7334,0.02754295064085083,202,0.40973630831643004,0.02754295064085083,Hopkins
24021,3,89,493,0.18052738336713997,12484,0.0071291252803588594,89,0.18052738336713997,0.0071291252803588594,Hopkins
24021,4,119,493,0.2413793103448276,10538,0.011292465363446575,119,0.2413793103448276,0.011292465363446575,Hopkins
24021,5,13,493,0.02636916835699797,2969,0.004378578646008757,13,0.02636916835699797,0.004378578646008757,Hopkins
24023,1,2,3,0.6666666666666666,11962,1.6719612104999163e-4,NA,NA,NA,Hopkins
24023,4,1,3,0.3333333333333333,10538,9.48946669197191e-5,NA,NA,NA,Hopkins
24025,1,127,703,0.1806543385490754,11962,0.01061695368667447,127,0.1806543385490754,0.01061695368667447,Hopkins
24025,2,155,703,0.22048364153627312,7334,0.021134442323425144,155,0.22048364153627312,0.021134442323425144,Hopkins
24025,3,182,703,0.25889046941678523,12484,0.014578660685677668,182,0.25889046941678523,0.014578660685677668,Hopkins
24025,4,180,703,0.25604551920341395,10538,0.01708104004554944,180,0.25604551920341395,0.01708104004554944,Hopkins
24025,5,59,703,0.08392603129445235,2969,0.019872010778039743,59,0.08392603129445235,0.019872010778039743,Hopkins
24027,1,1106,4274,0.2587739822180627,11962,0.09245945494064538,1106,0.2587739822180627,0.09245945494064538,Hopkins
24027,2,522,4274,0.12213383247543284,7334,0.07117534769566403,522,0.12213383247543284,0.07117534769566403,Hopkins
24027,3,1286,4274,0.30088909686476367,12484,0.10301185517462352,1286,0.30088909686476367,0.10301185517462352,Hopkins
24027,4,940,4274,0.21993448759943846,10538,0.08920098690453597,940,0.21993448759943846,0.08920098690453597,Hopkins
24027,5,420,4274,0.0982686008423023,2969,0.14146177164028292,420,0.0982686008423023,0.14146177164028292,Hopkins
24029,1,4,18,0.2222222222222222,11962,3.3439224209998327e-4,NA,NA,NA,Hopkins
24029,2,3,18,0.16666666666666666,7334,4.0905372238887375e-4,NA,NA,NA,Hopkins
24029,3,7,18,0.3888888888888889,12484,5.607177186799103e-4,NA,NA,NA,Hopkins
24029,4,4,18,0.2222222222222222,10538,3.795786676788764e-4,NA,NA,NA,Hopkins
24031,1,1663,4652,0.3574806534823732,11962,0.13902357465306805,1663,0.3574806534823732,0.13902357465306805,Hopkins
24031,2,396,4652,0.08512467755803955,7334,0.053995091355331336,396,0.08512467755803955,0.053995091355331336,Hopkins
24031,3,1463,4652,0.3144883920894239,12484,0.11719000320410125,1463,0.3144883920894239,0.11719000320410125,Hopkins
24031,4,742,4652,0.15950128976784178,10538,0.07041184285443158,742,0.15950128976784178,0.07041184285443158,Hopkins
24031,5,388,4652,0.08340498710232158,2969,0.13068373189626137,388,0.08340498710232158,0.13068373189626137,Hopkins
24033,1,347,1212,0.2863036303630363,11962,0.02900852700217355,347,0.2863036303630363,0.02900852700217355,Hopkins
24033,2,191,1212,0.15759075907590758,7334,0.026043086992091628,191,0.15759075907590758,0.026043086992091628,Hopkins
24033,3,304,1212,0.2508250825082508,12484,0.024351169496956104,304,0.2508250825082508,0.024351169496956104,Hopkins
24033,4,268,1212,0.22112211221122113,10538,0.025431770734484722,268,0.22112211221122113,0.025431770734484722,Hopkins
24033,5,102,1212,0.08415841584158416,2969,0.03435500168406871,102,0.08415841584158416,0.03435500168406871,Hopkins
24035,1,6,25,0.24,11962,5.015883631499749e-4,NA,NA,NA,Hopkins
24035,2,7,25,0.28,7334,9.544586855740388e-4,NA,NA,NA,Hopkins
24035,3,5,25,0.2,12484,4.005126561999359e-4,NA,NA,NA,Hopkins
24035,4,6,25,0.24,10538,5.693680015183147e-4,NA,NA,NA,Hopkins
24035,5,1,25,0.04,2969,3.368137420006736e-4,NA,NA,NA,Hopkins
24037,1,5,24,0.20833333333333334,11962,4.179903026249791e-4,NA,NA,NA,Hopkins
24037,2,6,24,0.25,7334,8.181074447777475e-4,NA,NA,NA,Hopkins
24037,3,3,24,0.125,12484,2.4030759371996156e-4,NA,NA,NA,Hopkins
24037,4,7,24,0.2916666666666667,10538,6.642626684380338e-4,NA,NA,NA,Hopkins
24037,5,3,24,0.125,2969,0.0010104412260020209,NA,NA,NA,Hopkins
24039,1,2,25,0.08,11962,1.6719612104999163e-4,NA,NA,NA,Hopkins
24039,2,17,25,0.68,7334,0.002317971093536951,17,0.68,0.002317971093536951,Hopkins
24039,3,4,25,0.16,12484,3.204101249599487e-4,NA,NA,NA,Hopkins
24039,4,1,25,0.04,10538,9.48946669197191e-5,NA,NA,NA,Hopkins
24039,5,1,25,0.04,2969,3.368137420006736e-4,NA,NA,NA,Hopkins
24041,1,3,84,0.03571428571428571,11962,2.5079418157498745e-4,NA,NA,NA,Hopkins
24041,2,35,84,0.4166666666666667,7334,0.004772293427870194,35,0.4166666666666667,0.004772293427870194,Hopkins
24041,3,7,84,0.08333333333333333,12484,5.607177186799103e-4,NA,NA,NA,Hopkins
24041,4,20,84,0.23809523809523808,10538,0.0018978933383943823,20,0.23809523809523808,0.0018978933383943823,Hopkins
24041,5,19,84,0.2261904761904762,2969,0.006399461098012799,19,0.2261904761904762,0.006399461098012799,Hopkins
24043,1,65,268,0.24253731343283583,11962,0.005433873934124729,65,0.24253731343283583,0.005433873934124729,Hopkins
24043,2,49,268,0.1828358208955224,7334,0.006681210799018271,49,0.1828358208955224,0.006681210799018271,Hopkins
24043,3,82,268,0.30597014925373134,12484,0.006568407561678949,82,0.30597014925373134,0.006568407561678949,Hopkins
24043,4,52,268,0.19402985074626866,10538,0.004934522679825394,52,0.19402985074626866,0.004934522679825394,Hopkins
24043,5,20,268,0.07462686567164178,2969,0.006736274840013472,20,0.07462686567164178,0.006736274840013472,Hopkins
24045,1,56,195,0.28717948717948716,11962,0.004681491389399766,56,0.28717948717948716,0.004681491389399766,Hopkins
24045,2,117,195,0.6,7334,0.015953095173166076,117,0.6,0.015953095173166076,Hopkins
24045,3,7,195,0.035897435897435895,12484,5.607177186799103e-4,NA,NA,NA,Hopkins
24045,4,13,195,0.06666666666666667,10538,0.0012336306699563485,13,0.06666666666666667,0.0012336306699563485,Hopkins
24045,5,2,195,0.010256410256410256,2969,6.736274840013472e-4,NA,NA,NA,Hopkins
24047,1,6,42,0.14285714285714285,11962,5.015883631499749e-4,NA,NA,NA,Hopkins
24047,2,5,42,0.11904761904761904,7334,6.817562039814562e-4,NA,NA,NA,Hopkins
24047,3,24,42,0.5714285714285714,12484,0.0019224607497596924,24,0.5714285714285714,0.0019224607497596924,Hopkins
24047,4,5,42,0.11904761904761904,10538,4.7447333459859557e-4,NA,NA,NA,Hopkins
24047,5,2,42,0.047619047619047616,2969,6.736274840013472e-4,NA,NA,NA,Hopkins
24510,1,3981,14439,0.275711614377727,11962,0.33280387895000835,3981,0.275711614377727,0.33280387895000835,Hopkins
24510,2,2687,14439,0.1860932197520604,7334,0.36637578401963455,2687,0.1860932197520604,0.36637578401963455,Hopkins
24510,3,3600,14439,0.24932474548098899,12484,0.28836911246395386,3600,0.24932474548098899,0.28836911246395386,Hopkins
24510,4,3641,14439,0.25216427730452246,10538,0.3455114822546973,3641,0.25216427730452246,0.3455114822546973,Hopkins
24510,5,530,14439,0.03670614308470116,2969,0.17851128326035703,530,0.03670614308470116,0.17851128326035703,Hopkins
25009,2,1,2,0.5,7334,1.3635124079629124e-4,NA,NA,NA,Hopkins
25009,3,1,2,0.5,12484,8.010253123998718e-5,NA,NA,NA,Hopkins
25019,3,1,1,1,12484,8.010253123998718e-5,NA,NA,NA,Hopkins
25021,5,16,16,1,2969,0.005389019872010778,16,1,0.005389019872010778,Hopkins
25025,5,2,2,1,2969,6.736274840013472e-4,NA,NA,NA,Hopkins
25027,3,1,2,0.5,12484,8.010253123998718e-5,NA,NA,NA,Hopkins
25027,4,1,2,0.5,10538,9.48946669197191e-5,NA,NA,NA,Hopkins
26000,4,1,1,1,10538,9.48946669197191e-5,NA,NA,NA,Hopkins
26005,4,1,1,1,10538,9.48946669197191e-5,NA,NA,NA,Hopkins
26029,2,1,1,1,7334,1.3635124079629124e-4,NA,NA,NA,Hopkins
26049,2,1,1,1,7334,1.3635124079629124e-4,NA,NA,NA,Hopkins
26091,1,1,1,1,11962,8.359806052499582e-5,NA,NA,NA,Hopkins
26093,2,1,1,1,7334,1.3635124079629124e-4,NA,NA,NA,Hopkins
26099,1,1,1,1,11962,8.359806052499582e-5,NA,NA,NA,Hopkins
28000,4,1,1,1,10538,9.48946669197191e-5,NA,NA,NA,Hopkins
28087,4,1,1,1,10538,9.48946669197191e-5,NA,NA,NA,Hopkins
29047,1,1,1,1,11962,8.359806052499582e-5,NA,NA,NA,Hopkins
29099,2,1,1,1,7334,1.3635124079629124e-4,NA,NA,NA,Hopkins
29189,2,1,2,0.5,7334,1.3635124079629124e-4,NA,NA,NA,Hopkins
29189,3,1,2,0.5,12484,8.010253123998718e-5,NA,NA,NA,Hopkins
31033,4,1,1,1,10538,9.48946669197191e-5,NA,NA,NA,Hopkins
32003,2,1,2,0.5,7334,1.3635124079629124e-4,NA,NA,NA,Hopkins
32003,4,1,2,0.5,10538,9.48946669197191e-5,NA,NA,NA,Hopkins
33000,1,1,2,0.5,11962,8.359806052499582e-5,NA,NA,NA,Hopkins
33000,2,1,2,0.5,7334,1.3635124079629124e-4,NA,NA,NA,Hopkins
33013,1,1,1,1,11962,8.359806052499582e-5,NA,NA,NA,Hopkins
34000,1,1,4,0.25,11962,8.359806052499582e-5,NA,NA,NA,Hopkins
34000,2,1,4,0.25,7334,1.3635124079629124e-4,NA,NA,NA,Hopkins
34000,3,2,4,0.5,12484,1.6020506247997436e-4,NA,NA,NA,Hopkins
34003,2,1,2,0.5,7334,1.3635124079629124e-4,NA,NA,NA,Hopkins
34003,3,1,2,0.5,12484,8.010253123998718e-5,NA,NA,NA,Hopkins
34005,3,16,16,1,12484,0.001281640499839795,16,1,0.001281640499839795,Hopkins
34007,2,1,2,0.5,7334,1.3635124079629124e-4,NA,NA,NA,Hopkins
34007,3,1,2,0.5,12484,8.010253123998718e-5,NA,NA,NA,Hopkins
34009,3,1,1,1,12484,8.010253123998718e-5,NA,NA,NA,Hopkins
34013,2,1,5,0.2,7334,1.3635124079629124e-4,NA,NA,NA,Hopkins
34013,3,1,5,0.2,12484,8.010253123998718e-5,NA,NA,NA,Hopkins
34013,4,3,5,0.6,10538,2.8468400075915733e-4,NA,NA,NA,Hopkins
34017,3,16,16,1,12484,0.001281640499839795,16,1,0.001281640499839795,Hopkins
34019,4,1,1,1,10538,9.48946669197191e-5,NA,NA,NA,Hopkins
34021,4,1,1,1,10538,9.48946669197191e-5,NA,NA,NA,Hopkins
34025,1,1,3,0.3333333333333333,11962,8.359806052499582e-5,NA,NA,NA,Hopkins
34025,3,1,3,0.3333333333333333,12484,8.010253123998718e-5,NA,NA,NA,Hopkins
34025,4,1,3,0.3333333333333333,10538,9.48946669197191e-5,NA,NA,NA,Hopkins
34027,1,1,1,1,11962,8.359806052499582e-5,NA,NA,NA,Hopkins
34029,1,1,3,0.3333333333333333,11962,8.359806052499582e-5,NA,NA,NA,Hopkins
34029,2,1,3,0.3333333333333333,7334,1.3635124079629124e-4,NA,NA,NA,Hopkins
34029,3,1,3,0.3333333333333333,12484,8.010253123998718e-5,NA,NA,NA,Hopkins
34031,3,2,2,1,12484,1.6020506247997436e-4,NA,NA,NA,Hopkins
34035,5,1,1,1,2969,3.368137420006736e-4,NA,NA,NA,Hopkins
35001,3,1,1,1,12484,8.010253123998718e-5,NA,NA,NA,Hopkins
36000,4,1,2,0.5,10538,9.48946669197191e-5,NA,NA,NA,Hopkins
36000,5,1,2,0.5,2969,3.368137420006736e-4,NA,NA,NA,Hopkins
36001,4,1,1,1,10538,9.48946669197191e-5,NA,NA,NA,Hopkins
36007,4,1,1,1,10538,9.48946669197191e-5,NA,NA,NA,Hopkins
36015,4,1,1,1,10538,9.48946669197191e-5,NA,NA,NA,Hopkins
36027,4,32,32,1,10538,0.0030366293414310114,32,1,0.0030366293414310114,Hopkins
36043,3,1,1,1,12484,8.010253123998718e-5,NA,NA,NA,Hopkins
36047,1,2,6,0.3333333333333333,11962,1.6719612104999163e-4,NA,NA,NA,Hopkins
36047,2,2,6,0.3333333333333333,7334,2.727024815925825e-4,NA,NA,NA,Hopkins
36047,3,2,6,0.3333333333333333,12484,1.6020506247997436e-4,NA,NA,NA,Hopkins
36055,2,1,1,1,7334,1.3635124079629124e-4,NA,NA,NA,Hopkins
36059,3,1,2,0.5,12484,8.010253123998718e-5,NA,NA,NA,Hopkins
36059,5,1,2,0.5,2969,3.368137420006736e-4,NA,NA,NA,Hopkins
36061,1,1,37,0.02702702702702703,11962,8.359806052499582e-5,NA,NA,NA,Hopkins
36061,3,18,37,0.4864864864864865,12484,0.0014418455623197693,18,0.4864864864864865,0.0014418455623197693,Hopkins
36061,4,1,37,0.02702702702702703,10538,9.48946669197191e-5,NA,NA,NA,Hopkins
36061,5,17,37,0.4594594594594595,2969,0.0057258336140114515,17,0.4594594594594595,0.0057258336140114515,Hopkins
36071,5,1,1,1,2969,3.368137420006736e-4,NA,NA,NA,Hopkins
36073,4,1,1,1,10538,9.48946669197191e-5,NA,NA,NA,Hopkins
36081,2,1,2,0.5,7334,1.3635124079629124e-4,NA,NA,NA,Hopkins
36081,5,1,2,0.5,2969,3.368137420006736e-4,NA,NA,NA,Hopkins
36087,2,3,6,0.5,7334,4.0905372238887375e-4,NA,NA,NA,Hopkins
36087,5,3,6,0.5,2969,0.0010104412260020209,NA,NA,NA,Hopkins
36097,2,1,1,1,7334,1.3635124079629124e-4,NA,NA,NA,Hopkins
36103,1,1,3,0.3333333333333333,11962,8.359806052499582e-5,NA,NA,NA,Hopkins
36103,3,1,3,0.3333333333333333,12484,8.010253123998718e-5,NA,NA,NA,Hopkins
36103,4,1,3,0.3333333333333333,10538,9.48946669197191e-5,NA,NA,NA,Hopkins
36107,1,1,1,1,11962,8.359806052499582e-5,NA,NA,NA,Hopkins
36111,5,1,1,1,2969,3.368137420006736e-4,NA,NA,NA,Hopkins
36119,3,1,17,0.058823529411764705,12484,8.010253123998718e-5,NA,NA,NA,Hopkins
36119,4,16,17,0.9411764705882353,10538,0.0015183146707155057,16,0.9411764705882353,0.0015183146707155057,Hopkins
37000,2,1,1,1,7334,1.3635124079629124e-4,NA,NA,NA,Hopkins
37005,3,1,1,1,12484,8.010253123998718e-5,NA,NA,NA,Hopkins
37019,2,1,2,0.5,7334,1.3635124079629124e-4,NA,NA,NA,Hopkins
37019,3,1,2,0.5,12484,8.010253123998718e-5,NA,NA,NA,Hopkins
37025,3,1,1,1,12484,8.010253123998718e-5,NA,NA,NA,Hopkins
37049,4,1,1,1,10538,9.48946669197191e-5,NA,NA,NA,Hopkins
37081,1,17,18,0.9444444444444444,11962,0.001421167028924929,17,0.9444444444444444,0.001421167028924929,Hopkins
37081,3,1,18,0.05555555555555555,12484,8.010253123998718e-5,NA,NA,NA,Hopkins
37083,5,1,1,1,2969,3.368137420006736e-4,NA,NA,NA,Hopkins
37085,2,1,1,1,7334,1.3635124079629124e-4,NA,NA,NA,Hopkins
37091,3,1,1,1,12484,8.010253123998718e-5,NA,NA,NA,Hopkins
37097,1,1,1,1,11962,8.359806052499582e-5,NA,NA,NA,Hopkins
37107,2,1,1,1,7334,1.3635124079629124e-4,NA,NA,NA,Hopkins
37119,1,1,17,0.058823529411764705,11962,8.359806052499582e-5,NA,NA,NA,Hopkins
37119,3,16,17,0.9411764705882353,12484,0.001281640499839795,16,0.9411764705882353,0.001281640499839795,Hopkins
37129,2,1,2,0.5,7334,1.3635124079629124e-4,NA,NA,NA,Hopkins
37129,3,1,2,0.5,12484,8.010253123998718e-5,NA,NA,NA,Hopkins
37133,1,1,1,1,11962,8.359806052499582e-5,NA,NA,NA,Hopkins
37139,2,1,1,1,7334,1.3635124079629124e-4,NA,NA,NA,Hopkins
37195,4,2,2,1,10538,1.897893338394382e-4,NA,NA,NA,Hopkins
39000,5,1,1,1,2969,3.368137420006736e-4,NA,NA,NA,Hopkins
39035,4,1,1,1,10538,9.48946669197191e-5,NA,NA,NA,Hopkins
39049,2,1,2,0.5,7334,1.3635124079629124e-4,NA,NA,NA,Hopkins
39049,5,1,2,0.5,2969,3.368137420006736e-4,NA,NA,NA,Hopkins
39059,4,1,1,1,10538,9.48946669197191e-5,NA,NA,NA,Hopkins
39061,5,1,1,1,2969,3.368137420006736e-4,NA,NA,NA,Hopkins
39089,1,1,2,0.5,11962,8.359806052499582e-5,NA,NA,NA,Hopkins
39089,4,1,2,0.5,10538,9.48946669197191e-5,NA,NA,NA,Hopkins
39147,3,1,1,1,12484,8.010253123998718e-5,NA,NA,NA,Hopkins
39153,2,1,1,1,7334,1.3635124079629124e-4,NA,NA,NA,Hopkins
42000,1,3,60,0.05,11962,2.5079418157498745e-4,NA,NA,NA,Hopkins
42000,2,18,60,0.3,7334,0.0024543223343332426,18,0.3,0.0024543223343332426,Hopkins
42000,3,3,60,0.05,12484,2.4030759371996156e-4,NA,NA,NA,Hopkins
42000,4,36,60,0.6,10538,0.003416208009109888,36,0.6,0.003416208009109888,Hopkins
42001,1,23,36,0.6388888888888888,11962,0.001922755392074904,23,0.6388888888888888,0.001922755392074904,Hopkins
42001,2,8,36,0.2222222222222222,7334,0.00109080992637033,NA,NA,NA,Hopkins
42001,3,2,36,0.05555555555555555,12484,1.6020506247997436e-4,NA,NA,NA,Hopkins
42001,4,3,36,0.08333333333333333,10538,2.8468400075915733e-4,NA,NA,NA,Hopkins
42003,1,1,2,0.5,11962,8.359806052499582e-5,NA,NA,NA,Hopkins
42003,3,1,2,0.5,12484,8.010253123998718e-5,NA,NA,NA,Hopkins
42009,3,2,2,1,12484,1.6020506247997436e-4,NA,NA,NA,Hopkins
42011,1,2,22,0.09090909090909091,11962,1.6719612104999163e-4,NA,NA,NA,Hopkins
42011,3,2,22,0.09090909090909091,12484,1.6020506247997436e-4,NA,NA,NA,Hopkins
42011,4,18,22,0.8181818181818182,10538,0.001708104004554944,18,0.8181818181818182,0.001708104004554944,Hopkins
42013,5,1,1,1,2969,3.368137420006736e-4,NA,NA,NA,Hopkins
42017,3,1,3,0.3333333333333333,12484,8.010253123998718e-5,NA,NA,NA,Hopkins
42017,4,1,3,0.3333333333333333,10538,9.48946669197191e-5,NA,NA,NA,Hopkins
42017,5,1,3,0.3333333333333333,2969,3.368137420006736e-4,NA,NA,NA,Hopkins
42021,1,1,1,1,11962,8.359806052499582e-5,NA,NA,NA,Hopkins
42029,4,1,1,1,10538,9.48946669197191e-5,NA,NA,NA,Hopkins
42041,1,3,17,0.17647058823529413,11962,2.5079418157498745e-4,NA,NA,NA,Hopkins
42041,2,5,17,0.29411764705882354,7334,6.817562039814562e-4,NA,NA,NA,Hopkins
42041,3,6,17,0.35294117647058826,12484,4.806151874399231e-4,NA,NA,NA,Hopkins
42041,4,3,17,0.17647058823529413,10538,2.8468400075915733e-4,NA,NA,NA,Hopkins
42043,2,3,11,0.2727272727272727,7334,4.0905372238887375e-4,NA,NA,NA,Hopkins
42043,3,3,11,0.2727272727272727,12484,2.4030759371996156e-4,NA,NA,NA,Hopkins
42043,4,3,11,0.2727272727272727,10538,2.8468400075915733e-4,NA,NA,NA,Hopkins
42043,5,2,11,0.18181818181818182,2969,6.736274840013472e-4,NA,NA,NA,Hopkins
42045,1,16,19,0.8421052631578947,11962,0.001337568968399933,16,0.8421052631578947,0.001337568968399933,Hopkins
42045,2,1,19,0.05263157894736842,7334,1.3635124079629124e-4,NA,NA,NA,Hopkins
42045,4,2,19,0.10526315789473684,10538,1.897893338394382e-4,NA,NA,NA,Hopkins
42055,1,18,38,0.47368421052631576,11962,0.0015047650894499248,18,0.47368421052631576,0.0015047650894499248,Hopkins
42055,2,8,38,0.21052631578947367,7334,0.00109080992637033,NA,NA,NA,Hopkins
42055,3,3,38,0.07894736842105263,12484,2.4030759371996156e-4,NA,NA,NA,Hopkins
42055,4,6,38,0.15789473684210525,10538,5.693680015183147e-4,NA,NA,NA,Hopkins
42055,5,3,38,0.07894736842105263,2969,0.0010104412260020209,NA,NA,NA,Hopkins
42061,4,1,1,1,10538,9.48946669197191e-5,NA,NA,NA,Hopkins
42063,4,1,1,1,10538,9.48946669197191e-5,NA,NA,NA,Hopkins
42069,3,1,1,1,12484,8.010253123998718e-5,NA,NA,NA,Hopkins
42071,2,2,25,0.08,7334,2.727024815925825e-4,NA,NA,NA,Hopkins
42071,3,4,25,0.16,12484,3.204101249599487e-4,NA,NA,NA,Hopkins
42071,4,19,25,0.76,10538,0.001802998671474663,19,0.76,0.001802998671474663,Hopkins
42073,4,1,1,1,10538,9.48946669197191e-5,NA,NA,NA,Hopkins
42075,3,1,1,1,12484,8.010253123998718e-5,NA,NA,NA,Hopkins
42077,1,1,19,0.05263157894736842,11962,8.359806052499582e-5,NA,NA,NA,Hopkins
42077,3,17,19,0.8947368421052632,12484,0.001361743031079782,17,0.8947368421052632,0.001361743031079782,Hopkins
42077,5,1,19,0.05263157894736842,2969,3.368137420006736e-4,NA,NA,NA,Hopkins
42085,4,1,1,1,10538,9.48946669197191e-5,NA,NA,NA,Hopkins
42091,1,1,35,0.02857142857142857,11962,8.359806052499582e-5,NA,NA,NA,Hopkins
42091,5,34,35,0.9714285714285714,2969,0.011451667228022903,34,0.9714285714285714,0.011451667228022903,Hopkins
42097,2,2,2,1,7334,2.727024815925825e-4,NA,NA,NA,Hopkins
42101,1,2,23,0.08695652173913043,11962,1.6719612104999163e-4,NA,NA,NA,Hopkins
42101,2,1,23,0.043478260869565216,7334,1.3635124079629124e-4,NA,NA,NA,Hopkins
42101,3,1,23,0.043478260869565216,12484,8.010253123998718e-5,NA,NA,NA,Hopkins
42101,4,18,23,0.782608695652174,10538,0.001708104004554944,18,0.782608695652174,0.001708104004554944,Hopkins
42101,5,1,23,0.043478260869565216,2969,3.368137420006736e-4,NA,NA,NA,Hopkins
42107,1,1,1,1,11962,8.359806052499582e-5,NA,NA,NA,Hopkins
42111,1,2,2,1,11962,1.6719612104999163e-4,NA,NA,NA,Hopkins
42119,3,32,32,1,12484,0.00256328099967959,32,1,0.00256328099967959,Hopkins
42127,4,1,1,1,10538,9.48946669197191e-5,NA,NA,NA,Hopkins
42129,4,1,1,1,10538,9.48946669197191e-5,NA,NA,NA,Hopkins
42133,1,7,97,0.07216494845360824,11962,5.851864236749708e-4,NA,NA,NA,Hopkins
42133,2,10,97,0.10309278350515463,7334,0.0013635124079629125,NA,NA,NA,Hopkins
42133,3,14,97,0.14432989690721648,12484,0.0011214354373598205,14,0.14432989690721648,0.0011214354373598205,Hopkins
42133,4,61,97,0.6288659793814433,10538,0.005788574682102866,61,0.6288659793814433,0.005788574682102866,Hopkins
42133,5,5,97,0.05154639175257732,2969,0.001684068710003368,NA,NA,NA,Hopkins
44007,3,2,2,1,12484,1.6020506247997436e-4,NA,NA,NA,Hopkins
45013,2,1,2,0.5,7334,1.3635124079629124e-4,NA,NA,NA,Hopkins
45013,5,1,2,0.5,2969,3.368137420006736e-4,NA,NA,NA,Hopkins
45017,4,1,1,1,10538,9.48946669197191e-5,NA,NA,NA,Hopkins
45027,1,1,1,1,11962,8.359806052499582e-5,NA,NA,NA,Hopkins
45035,2,1,1,1,7334,1.3635124079629124e-4,NA,NA,NA,Hopkins
45041,4,1,1,1,10538,9.48946669197191e-5,NA,NA,NA,Hopkins
45045,5,1,1,1,2969,3.368137420006736e-4,NA,NA,NA,Hopkins
45051,3,16,33,0.48484848484848486,12484,0.001281640499839795,16,0.48484848484848486,0.001281640499839795,Hopkins
45051,4,1,33,0.030303030303030304,10538,9.48946669197191e-5,NA,NA,NA,Hopkins
45051,5,16,33,0.48484848484848486,2969,0.005389019872010778,16,0.48484848484848486,0.005389019872010778,Hopkins
45059,1,16,16,1,11962,0.001337568968399933,16,1,0.001337568968399933,Hopkins
45063,4,1,1,1,10538,9.48946669197191e-5,NA,NA,NA,Hopkins
45079,1,1,3,0.3333333333333333,11962,8.359806052499582e-5,NA,NA,NA,Hopkins
45079,3,2,3,0.6666666666666666,12484,1.6020506247997436e-4,NA,NA,NA,Hopkins
47037,3,1,1,1,12484,8.010253123998718e-5,NA,NA,NA,Hopkins
47059,5,1,1,1,2969,3.368137420006736e-4,NA,NA,NA,Hopkins
47115,1,16,16,1,11962,0.001337568968399933,16,1,0.001337568968399933,Hopkins
47179,4,1,1,1,10538,9.48946669197191e-5,NA,NA,NA,Hopkins
48000,2,1,1,1,7334,1.3635124079629124e-4,NA,NA,NA,Hopkins
48029,5,1,1,1,2969,3.368137420006736e-4,NA,NA,NA,Hopkins
48113,3,1,1,1,12484,8.010253123998718e-5,NA,NA,NA,Hopkins
48121,1,1,1,1,11962,8.359806052499582e-5,NA,NA,NA,Hopkins
48157,2,16,16,1,7334,0.00218161985274066,16,1,0.00218161985274066,Hopkins
48181,1,1,1,1,11962,8.359806052499582e-5,NA,NA,NA,Hopkins
48201,1,1,17,0.058823529411764705,11962,8.359806052499582e-5,NA,NA,NA,Hopkins
48201,2,16,17,0.9411764705882353,7334,0.00218161985274066,16,0.9411764705882353,0.00218161985274066,Hopkins
48215,1,1,1,1,11962,8.359806052499582e-5,NA,NA,NA,Hopkins
48451,3,1,1,1,12484,8.010253123998718e-5,NA,NA,NA,Hopkins
48453,3,1,1,1,12484,8.010253123998718e-5,NA,NA,NA,Hopkins
51000,1,6,32,0.1875,11962,5.015883631499749e-4,NA,NA,NA,Hopkins
51000,2,19,32,0.59375,7334,0.0025906735751295338,19,0.59375,0.0025906735751295338,Hopkins
51000,3,3,32,0.09375,12484,2.4030759371996156e-4,NA,NA,NA,Hopkins
51000,4,2,32,0.0625,10538,1.897893338394382e-4,NA,NA,NA,Hopkins
51000,5,2,32,0.0625,2969,6.736274840013472e-4,NA,NA,NA,Hopkins
51001,2,2,5,0.4,7334,2.727024815925825e-4,NA,NA,NA,Hopkins
51001,3,3,5,0.6,12484,2.4030759371996156e-4,NA,NA,NA,Hopkins
51005,2,1,1,1,7334,1.3635124079629124e-4,NA,NA,NA,Hopkins
51013,1,18,70,0.2571428571428571,11962,0.0015047650894499248,18,0.2571428571428571,0.0015047650894499248,Hopkins
51013,2,2,70,0.02857142857142857,7334,2.727024815925825e-4,NA,NA,NA,Hopkins
51013,3,7,70,0.1,12484,5.607177186799103e-4,NA,NA,NA,Hopkins
51013,4,7,70,0.1,10538,6.642626684380338e-4,NA,NA,NA,Hopkins
51013,5,36,70,0.5142857142857142,2969,0.01212529471202425,36,0.5142857142857142,0.01212529471202425,Hopkins
51019,3,1,1,1,12484,8.010253123998718e-5,NA,NA,NA,Hopkins
51027,4,1,1,1,10538,9.48946669197191e-5,NA,NA,NA,Hopkins
51031,5,1,1,1,2969,3.368137420006736e-4,NA,NA,NA,Hopkins
51041,1,1,3,0.3333333333333333,11962,8.359806052499582e-5,NA,NA,NA,Hopkins
51041,2,2,3,0.6666666666666666,7334,2.727024815925825e-4,NA,NA,NA,Hopkins
51047,1,1,2,0.5,11962,8.359806052499582e-5,NA,NA,NA,Hopkins
51047,5,1,2,0.5,2969,3.368137420006736e-4,NA,NA,NA,Hopkins
51059,1,89,219,0.4063926940639269,11962,0.007440227386724628,89,0.4063926940639269,0.007440227386724628,Hopkins
51059,2,9,219,0.0410958904109589,7334,0.0012271611671666213,NA,NA,NA,Hopkins
51059,3,54,219,0.2465753424657534,12484,0.004325536686959308,54,0.2465753424657534,0.004325536686959308,Hopkins
51059,4,53,219,0.2420091324200913,10538,0.005029417346745113,53,0.2420091324200913,0.005029417346745113,Hopkins
51059,5,14,219,0.0639269406392694,2969,0.004715392388009431,14,0.0639269406392694,0.004715392388009431,Hopkins
51061,2,1,2,0.5,7334,1.3635124079629124e-4,NA,NA,NA,Hopkins
51061,4,1,2,0.5,10538,9.48946669197191e-5,NA,NA,NA,Hopkins
51069,1,3,8,0.375,11962,2.5079418157498745e-4,NA,NA,NA,Hopkins
51069,2,1,8,0.125,7334,1.3635124079629124e-4,NA,NA,NA,Hopkins
51069,4,3,8,0.375,10538,2.8468400075915733e-4,NA,NA,NA,Hopkins
51069,5,1,8,0.125,2969,3.368137420006736e-4,NA,NA,NA,Hopkins
51087,3,2,2,1,12484,1.6020506247997436e-4,NA,NA,NA,Hopkins
51095,1,1,2,0.5,11962,8.359806052499582e-5,NA,NA,NA,Hopkins
51095,3,1,2,0.5,12484,8.010253123998718e-5,NA,NA,NA,Hopkins
51099,2,1,2,0.5,7334,1.3635124079629124e-4,NA,NA,NA,Hopkins
51099,4,1,2,0.5,10538,9.48946669197191e-5,NA,NA,NA,Hopkins
51107,1,5,36,0.1388888888888889,11962,4.179903026249791e-4,NA,NA,NA,Hopkins
51107,2,4,36,0.1111111111111111,7334,5.45404963185165e-4,NA,NA,NA,Hopkins
51107,3,3,36,0.08333333333333333,12484,2.4030759371996156e-4,NA,NA,NA,Hopkins
51107,4,8,36,0.2222222222222222,10538,7.591573353577528e-4,NA,NA,NA,Hopkins
51107,5,16,36,0.4444444444444444,2969,0.005389019872010778,16,0.4444444444444444,0.005389019872010778,Hopkins
51137,1,16,16,1,11962,0.001337568968399933,16,1,0.001337568968399933,Hopkins
51139,2,1,1,1,7334,1.3635124079629124e-4,NA,NA,NA,Hopkins
51143,4,1,1,1,10538,9.48946669197191e-5,NA,NA,NA,Hopkins
51153,1,1,30,0.03333333333333333,11962,8.359806052499582e-5,NA,NA,NA,Hopkins
51153,2,4,30,0.13333333333333333,7334,5.45404963185165e-4,NA,NA,NA,Hopkins
51153,3,13,30,0.43333333333333335,12484,0.0010413329061198333,13,0.43333333333333335,0.0010413329061198333,Hopkins
51153,4,8,30,0.26666666666666666,10538,7.591573353577528e-4,NA,NA,NA,Hopkins
51153,5,4,30,0.13333333333333333,2969,0.0013472549680026945,NA,NA,NA,Hopkins
51155,2,1,1,1,7334,1.3635124079629124e-4,NA,NA,NA,Hopkins
51157,2,1,1,1,7334,1.3635124079629124e-4,NA,NA,NA,Hopkins
51161,3,1,1,1,12484,8.010253123998718e-5,NA,NA,NA,Hopkins
51163,3,1,1,1,12484,8.010253123998718e-5,NA,NA,NA,Hopkins
51165,4,2,2,1,10538,1.897893338394382e-4,NA,NA,NA,Hopkins
51171,1,1,4,0.25,11962,8.359806052499582e-5,NA,NA,NA,Hopkins
51171,2,1,4,0.25,7334,1.3635124079629124e-4,NA,NA,NA,Hopkins
51171,3,1,4,0.25,12484,8.010253123998718e-5,NA,NA,NA,Hopkins
51171,4,1,4,0.25,10538,9.48946669197191e-5,NA,NA,NA,Hopkins
51177,1,2,6,0.3333333333333333,11962,1.6719612104999163e-4,NA,NA,NA,Hopkins
51177,3,1,6,0.16666666666666666,12484,8.010253123998718e-5,NA,NA,NA,Hopkins
51177,4,3,6,0.5,10538,2.8468400075915733e-4,NA,NA,NA,Hopkins
51179,1,1,4,0.25,11962,8.359806052499582e-5,NA,NA,NA,Hopkins
51179,4,2,4,0.5,10538,1.897893338394382e-4,NA,NA,NA,Hopkins
51179,5,1,4,0.25,2969,3.368137420006736e-4,NA,NA,NA,Hopkins
51187,2,2,20,0.1,7334,2.727024815925825e-4,NA,NA,NA,Hopkins
51187,3,16,20,0.8,12484,0.001281640499839795,16,0.8,0.001281640499839795,Hopkins
51187,4,1,20,0.05,10538,9.48946669197191e-5,NA,NA,NA,Hopkins
51187,5,1,20,0.05,2969,3.368137420006736e-4,NA,NA,NA,Hopkins
51199,2,16,32,0.5,7334,0.00218161985274066,16,0.5,0.00218161985274066,Hopkins
51199,4,16,32,0.5,10538,0.0015183146707155057,16,0.5,0.0015183146707155057,Hopkins
51510,1,1,78,0.01282051282051282,11962,8.359806052499582e-5,NA,NA,NA,Hopkins
51510,2,20,78,0.2564102564102564,7334,0.002727024815925825,20,0.2564102564102564,0.002727024815925825,Hopkins
51510,3,34,78,0.4358974358974359,12484,0.002723486062159564,34,0.4358974358974359,0.002723486062159564,Hopkins
51510,4,5,78,0.0641025641025641,10538,4.7447333459859557e-4,NA,NA,NA,Hopkins
51510,5,18,78,0.23076923076923078,2969,0.006062647356012125,18,0.23076923076923078,0.006062647356012125,Hopkins
51550,2,1,2,0.5,7334,1.3635124079629124e-4,NA,NA,NA,Hopkins
51550,3,1,2,0.5,12484,8.010253123998718e-5,NA,NA,NA,Hopkins
51600,4,1,2,0.5,10538,9.48946669197191e-5,NA,NA,NA,Hopkins
51600,5,1,2,0.5,2969,3.368137420006736e-4,NA,NA,NA,Hopkins
51610,4,1,1,1,10538,9.48946669197191e-5,NA,NA,NA,Hopkins
51630,1,1,2,0.5,11962,8.359806052499582e-5,NA,NA,NA,Hopkins
51630,3,1,2,0.5,12484,8.010253123998718e-5,NA,NA,NA,Hopkins
51680,4,2,3,0.6666666666666666,10538,1.897893338394382e-4,NA,NA,NA,Hopkins
51680,5,1,3,0.3333333333333333,2969,3.368137420006736e-4,NA,NA,NA,Hopkins
51683,3,3,3,1,12484,2.4030759371996156e-4,NA,NA,NA,Hopkins
51700,1,1,4,0.25,11962,8.359806052499582e-5,NA,NA,NA,Hopkins
51700,2,2,4,0.5,7334,2.727024815925825e-4,NA,NA,NA,Hopkins
51700,4,1,4,0.25,10538,9.48946669197191e-5,NA,NA,NA,Hopkins
51710,3,1,1,1,12484,8.010253123998718e-5,NA,NA,NA,Hopkins
51740,2,1,2,0.5,7334,1.3635124079629124e-4,NA,NA,NA,Hopkins
51740,5,1,2,0.5,2969,3.368137420006736e-4,NA,NA,NA,Hopkins
51760,4,1,2,0.5,10538,9.48946669197191e-5,NA,NA,NA,Hopkins
51760,5,1,2,0.5,2969,3.368137420006736e-4,NA,NA,NA,Hopkins
51775,4,1,1,1,10538,9.48946669197191e-5,NA,NA,NA,Hopkins
51800,2,1,1,1,7334,1.3635124079629124e-4,NA,NA,NA,Hopkins
51810,3,1,3,0.3333333333333333,12484,8.010253123998718e-5,NA,NA,NA,Hopkins
51810,4,1,3,0.3333333333333333,10538,9.48946669197191e-5,NA,NA,NA,Hopkins
51810,5,1,3,0.3333333333333333,2969,3.368137420006736e-4,NA,NA,NA,Hopkins
51820,3,1,1,1,12484,8.010253123998718e-5,NA,NA,NA,Hopkins
51840,2,1,2,0.5,7334,1.3635124079629124e-4,NA,NA,NA,Hopkins
51840,4,1,2,0.5,10538,9.48946669197191e-5,NA,NA,NA,Hopkins
53005,4,1,1,1,10538,9.48946669197191e-5,NA,NA,NA,Hopkins
54000,1,3,27,0.1111111111111111,11962,2.5079418157498745e-4,NA,NA,NA,Hopkins
54000,2,4,27,0.14814814814814814,7334,5.45404963185165e-4,NA,NA,NA,Hopkins
54000,3,2,27,0.07407407407407407,12484,1.6020506247997436e-4,NA,NA,NA,Hopkins
54000,4,17,27,0.6296296296296297,10538,0.001613209337635225,17,0.6296296296296297,0.001613209337635225,Hopkins
54000,5,1,27,0.037037037037037035,2969,3.368137420006736e-4,NA,NA,NA,Hopkins
54003,1,3,101,0.0297029702970297,11962,2.5079418157498745e-4,NA,NA,NA,Hopkins
54003,2,38,101,0.37623762376237624,7334,0.0051813471502590676,38,0.37623762376237624,0.0051813471502590676,Hopkins
54003,3,19,101,0.18811881188118812,12484,0.0015219480935597565,19,0.18811881188118812,0.0015219480935597565,Hopkins
54003,4,38,101,0.37623762376237624,10538,0.003605997342949326,38,0.37623762376237624,0.003605997342949326,Hopkins
54003,5,3,101,0.0297029702970297,2969,0.0010104412260020209,NA,NA,NA,Hopkins
54011,4,1,1,1,10538,9.48946669197191e-5,NA,NA,NA,Hopkins
54019,4,1,1,1,10538,9.48946669197191e-5,NA,NA,NA,Hopkins
54023,2,1,1,1,7334,1.3635124079629124e-4,NA,NA,NA,Hopkins
54027,2,1,1,1,7334,1.3635124079629124e-4,NA,NA,NA,Hopkins
54031,1,2,3,0.6666666666666666,11962,1.6719612104999163e-4,NA,NA,NA,Hopkins
54031,5,1,3,0.3333333333333333,2969,3.368137420006736e-4,NA,NA,NA,Hopkins
54037,1,20,60,0.3333333333333333,11962,0.0016719612104999163,20,0.3333333333333333,0.0016719612104999163,Hopkins
54037,2,36,60,0.6,7334,0.004908644668666485,36,0.6,0.004908644668666485,Hopkins
54037,3,1,60,0.016666666666666666,12484,8.010253123998718e-5,NA,NA,NA,Hopkins
54037,4,2,60,0.03333333333333333,10538,1.897893338394382e-4,NA,NA,NA,Hopkins
54037,5,1,60,0.016666666666666666,2969,3.368137420006736e-4,NA,NA,NA,Hopkins
54049,5,1,1,1,2969,3.368137420006736e-4,NA,NA,NA,Hopkins
54055,2,2,4,0.5,7334,2.727024815925825e-4,NA,NA,NA,Hopkins
54055,3,2,4,0.5,12484,1.6020506247997436e-4,NA,NA,NA,Hopkins
54057,1,1,4,0.25,11962,8.359806052499582e-5,NA,NA,NA,Hopkins
54057,3,2,4,0.5,12484,1.6020506247997436e-4,NA,NA,NA,Hopkins
54057,4,1,4,0.25,10538,9.48946669197191e-5,NA,NA,NA,Hopkins
54061,1,1,2,0.5,11962,8.359806052499582e-5,NA,NA,NA,Hopkins
54061,5,1,2,0.5,2969,3.368137420006736e-4,NA,NA,NA,Hopkins
54063,2,1,1,1,7334,1.3635124079629124e-4,NA,NA,NA,Hopkins
54065,4,1,1,1,10538,9.48946669197191e-5,NA,NA,NA,Hopkins
54067,2,1,1,1,7334,1.3635124079629124e-4,NA,NA,NA,Hopkins
54079,2,1,1,1,7334,1.3635124079629124e-4,NA,NA,NA,Hopkins
54081,2,1,1,1,7334,1.3635124079629124e-4,NA,NA,NA,Hopkins
54103,2,1,1,1,7334,1.3635124079629124e-4,NA,NA,NA,Hopkins
55000,2,1,1,1,7334,1.3635124079629124e-4,NA,NA,NA,Hopkins
72000,1,1,18,0.05555555555555555,11962,8.359806052499582e-5,NA,NA,NA,Hopkins
72000,3,16,18,0.8888888888888888,12484,0.001281640499839795,16,0.8888888888888888,0.001281640499839795,Hopkins
72000,4,1,18,0.05555555555555555,10538,9.48946669197191e-5,NA,NA,NA,Hopkins
