county_fips,study_period_mean
01001,7.141940116882324
01003,7.15450028010777
01005,7.0835667337690085
01007,7.199249812534878
01009,7.443488325391497
01011,6.953127520424979
01013,7.049173082624163
01015,7.342716830117362
01017,7.11941875730242
01019,7.3609530585152765
01021,7.143008300236294
01023,7.1437079565865655
01025,7.05850533076695
01027,7.139161178043911
01029,7.290946824210031
01031,7.358763558523996
01033,6.982407638004848
01035,7.022117410387311
01037,7.156719957079206
01039,7.118094308035714
01041,7.20208079474313
01043,7.755398545946393
01045,7.304497310093471
01047,7.033163479396275
01049,7.496945176805768
01051,7.233573028019497
01053,7.035785675048828
01055,7.3932622500828336
01057,6.975453036172049
01059,7.0406919206891745
01061,7.281292847224644
01063,7.068857874189105
01065,7.0437430654253275
01067,7.134654862540109
01069,7.169083186558315
01071,7.095036779131208
01073,7.748448848724365
01075,6.933851173945835
01077,6.979710102081299
01079,7.082806314740862
01081,7.24547392981393
01083,7.1706598826817105
01085,7.06485721043178
01087,7.0632524490356445
01089,7.276904651096889
01091,7.049058301108224
01093,6.9696527889796664
01095,7.527637958526611
01097,7.3637783867972235
01099,7.025341238294329
01101,7.306041240692139
01103,7.41636712210519
01105,7.021015848432269
01107,7.129438127790179
01109,7.101863656725202
01111,7.395841121673584
01113,7.196461268833706
01115,7.386123044150216
01117,7.55525575365339
01119,7.089705330984933
01121,7.33710207257952
01123,7.151187896728516
01125,7.2213053703308105
01127,7.213671956743513
01129,7.173777988978794
01131,7.000623634883335
01133,7.076013565063477
04001,4.400912591389248
04003,5.035581248147147
04005,4.3526604516165595
04007,5.108719348907471
04009,5.631973334721157
04011,5.348199299403599
04012,6.174111230032785
04013,6.830766337258475
04015,5.252322810036795
04017,4.294426815850394
04019,5.860607555934361
04021,6.406745978764126
04023,4.716874974114554
04025,5.021562950951712
04027,6.114280019487653
05001,7.16693571635655
05003,7.273483344486782
05005,6.456976005009243
05007,7.623222896030971
05009,6.666019439697266
05011,7.161810738699777
05013,7.14127424785069
05015,6.896305561065674
05017,7.398377963474819
05019,7.032619885035923
05021,7.414756638663156
05023,6.6503786359514505
05025,7.284182616642544
05027,7.245650972638812
05029,7.015676839011056
05031,7.539804186139788
05033,7.00817837033953
05035,7.436163561684745
05037,7.340663978031704
05039,7.0311055183410645
05041,7.1134026391165595
05043,7.184300013950893
05045,6.90134198325021
05047,6.9161787033081055
05049,6.354226180485317
05051,6.954519271850586
05053,7.1075399943760464
05055,7.464872428349087
05057,7.415238107953753
05059,6.990685394832066
05061,7.3704744066510886
05063,6.774144445146833
05065,6.36371306010655
05067,7.416674886431013
05069,7.501271043504987
05071,6.713640553610666
05073,7.50603267124721
05075,7.230940478188651
05077,7.012981414794922
05079,7.450929233006069
05081,7.575739315577915
05083,7.084007740020752
05085,7.416502475738525
05087,6.576982430049351
05089,6.4560690607343405
05091,7.448784760066441
05093,7.494190284184047
05095,7.188991546630859
05097,6.8306388173784525
05099,7.184847899845669
05101,6.224628176007952
05103,7.1222750799996515
05105,6.976654802049909
05107,7.012168679918561
05109,7.058283601488386
05111,7.538808618273054
05113,6.932833126613072
05115,6.773063659667969
05117,7.378441946847098
05119,7.3893560000828336
05121,6.8469124521527975
05123,7.093415669032505
05125,7.043103967394147
05127,6.969338076455252
05129,6.271215915679932
05131,7.216169493538993
05133,7.43318510055542
05135,6.473882743290493
05137,6.3456100055149625
05139,7.314320632389614
05141,6.4519597462245395
05143,7.369504315512521
05145,6.920472076960972
05147,7.356343064989362
05149,7.0286431312561035
06001,7.586809907640729
06003,5.986090864453997
06005,7.972252232687814
06007,9.968049389975413
06009,8.019339902060372
06011,8.209628990718297
06013,8.006233487810407
06015,9.686213152749199
06017,7.602183750697544
06019,8.78836931501116
06021,9.920591899326869
06023,8.352088110787529
06025,7.4024384362357
06027,5.696575505392892
06029,7.713486058371407
06031,9.139150415148054
06033,7.576654638562884
06035,7.861433982849121
06037,8.61434098652431
06039,10.762475763048444
06041,6.745991774967739
06043,9.952718462262835
06045,9.241120202200753
06047,9.482425621577672
06049,7.250912802559989
06051,5.920024020331247
06053,5.949350902012417
06055,7.047896589551653
06057,7.5493559156145364
06059,9.670718601771764
06061,7.795598779405866
06063,9.568178517477852
06065,6.617944581168039
06067,9.463973045349121
06069,5.998864650726318
06071,6.291238580431257
06073,6.601765087672642
06075,9.065393584115164
06077,8.761884348733084
06079,5.939145360674177
06081,6.613144602094378
06083,5.617883477892194
06085,6.796225820268903
06087,6.713388442993164
06089,8.38618278503418
06091,7.001423154558454
06093,8.013356753758021
06095,8.334660121372767
06097,6.801820005689349
06099,9.192636626107353
06101,8.830911091395787
06103,9.57554394858224
06105,9.752957378114973
06107,8.38343858718872
06109,7.1986479078020364
06111,6.487181391034808
06113,8.119689055851527
06115,9.18802969796317
08001,5.725964409964425
08003,4.66401379449027
08005,5.639292648860386
08007,3.990346670150757
08009,4.745175293513706
08011,5.085134846823556
08013,5.639487539018903
08014,6.874128137316022
08015,4.124109166009085
08017,5.083169869014195
08019,4.495687825339181
08021,4.15651365688869
08023,4.085884468896048
08025,4.770253249577114
08027,3.944485528128488
08029,4.498355797358921
08031,7.048698561532157
08033,3.7515745844159807
08035,5.285718781607492
08037,4.208016531808036
08039,4.730573279517038
08041,4.654811177934919
08043,4.486105918884277
08045,4.2800604956490655
08047,4.7659832409449985
08049,4.6469139371599475
08051,3.758507456098284
08053,3.6006191117422923
08055,4.274510247366769
08057,4.913374526160104
08059,5.482748644692557
08061,5.097619329180036
08063,5.208188397543771
08065,3.8622477735791887
08067,4.0176704951695035
08069,5.43108378137861
08071,4.4463505404336114
08073,4.693879263741629
08075,5.3925872530256
08077,4.494227954319546
08079,3.6367431708744595
08081,4.279259749821255
08083,4.122031927108765
08085,4.182735443115234
08087,5.50639363697597
08089,4.890012434550694
08091,3.8166513783591136
08093,4.000660555703299
08095,5.3059797286987305
08097,3.9111110823495046
08099,5.379002366747175
08101,4.871155193873814
08103,4.322064433779035
08105,4.1716785090310236
08107,4.5107698781149725
08109,4.1368054662431994
08111,3.7902756418500627
08113,3.8632442270006453
08115,5.354584693908691
08117,4.172712666647775
08119,4.163272721426828
08121,5.195754766464233
08123,5.553263255528042
08125,5.343939440590995
09001,6.818909781319754
09003,6.620260238647461
09005,6.206052371433803
09007,5.913759367806571
09009,6.567942414964948
09011,5.654861313956125
09013,5.982549122401646
09015,5.706709725516183
10001,6.92373868397304
10003,7.404989515032087
10005,6.305842195238386
11001,8.943115302494594
12001,6.8529878343854636
12003,6.9399734905787875
12005,7.102609634399414
12007,6.824046611785889
12009,6.765957287379673
12011,7.609721456255231
12013,6.947630405426025
12015,7.2108964238848
12017,7.326721123286656
12019,6.954077925000872
12021,7.301197188241141
12023,6.888927050999233
12027,6.999200412205288
12029,6.9856760161263605
12031,7.571835517883301
12033,7.221812725067139
12035,6.900218827383859
12037,7.334537301744733
12039,7.0926559312003
12041,6.914151668548584
12043,6.940781661442348
12045,7.122147219521659
12047,7.059937545231411
12049,7.149720328194754
12051,7.1226542336600165
12053,7.3626298223223
12055,6.944591590336391
12057,8.060028076171875
12059,7.073454856872559
12061,6.69362769808088
12063,7.01824460710798
12065,7.01817512512207
12067,7.217403616224017
12069,7.24221134185791
12071,7.5678470475333075
12073,7.250270843505859
12075,6.929986613137381
12077,7.2175582477024625
12079,7.018858773367746
12081,7.629351070949009
12083,6.9574746404375345
12085,7.092592103140695
12086,7.435399055480957
12087,7.081503799983433
12089,7.026427677699497
12091,7.077085290636335
12093,6.953718798501151
12095,7.733588218688965
12097,7.008459295545306
12099,7.546187741415841
12101,7.641939571925572
12103,8.20500019618443
12105,7.4504577091762
12107,6.844463416508266
12109,6.867960316794259
12111,6.660425731113979
12113,7.127753325871059
12115,7.420039517538888
12117,7.419218063354492
12119,7.25277042388916
12121,7.116988522665841
12123,7.015322276524135
12125,6.809717655181885
12127,7.123150144304548
12129,7.254867689950125
12131,7.080389635903495
12133,6.982806001390729
13001,7.179747990199497
13003,7.524619102478027
13005,7.2356002671378
13007,7.447832380022321
13009,7.267764363970075
13011,8.109493868691581
13013,7.686253002711704
13015,7.913211073194232
13017,7.327840328216553
13019,7.372760091509138
13021,7.704488209315708
13023,7.152514525822231
13025,6.842440741402762
13027,7.258257116590228
13029,6.920137337275913
13031,6.815576144627163
13033,6.916769163949149
13035,7.334258624485561
13037,7.25422511781965
13039,6.901965822492327
13043,6.890752587999616
13045,7.818885122026716
13047,7.6768437794276645
13049,6.93443100793021
13051,7.2131780215672086
13053,7.239998749324253
13055,7.174368109021868
13057,7.769873823438372
13059,7.7517531258719305
13061,7.1242258208138605
13063,8.734273297446114
13065,7.032920905521938
13067,8.723043850490026
13069,7.449616772787912
13071,7.8544062205723355
13073,7.197043214525495
13075,7.605771541595459
13077,7.704823153359549
13079,7.239358493259975
13081,7.382755075182233
13083,7.100450720105853
13085,7.624904836927142
13087,7.408360276903425
13089,8.817112309592112
13091,7.133920056479318
13093,7.387438229152134
13095,7.450960227421351
13097,8.037636961255755
13099,7.181621074676514
13101,7.037599086761475
13103,6.784372670309884
13105,7.29756954738072
13107,6.931987762451172
13109,6.9238713809422086
13111,6.933597496577671
13113,7.869254520961217
13115,7.550995622362409
13117,8.161920615604947
13119,8.779066222054617
13121,8.614358697618757
13123,7.5985452107020786
13125,6.927132538386753
13127,7.020635741097586
13129,8.29627868107387
13131,7.469478675297329
13133,7.236576557159424
13135,8.598022869655065
13137,7.222479547773089
13139,7.88676255089896
13141,6.988508973802839
13143,7.4008370126996725
13145,7.142373970576695
13147,8.089092118399483
13149,8.792930194309779
13151,7.839727333613804
13153,7.39117295401437
13155,7.334114483424595
13157,8.12489366531372
13159,7.187335014343262
13161,7.231256212506976
13163,6.953070368085589
13165,6.842845780508859
13167,6.977246420724051
13169,7.192726952689035
13171,7.407940523965018
13173,7.341119561876569
13175,7.032522065298898
13177,7.272887979234968
13179,6.9000588825770786
13181,7.00998272214617
13183,6.871493475777762
13185,7.314893313816616
13187,7.055041790008545
13189,6.965354238237653
13191,6.84998539515904
13193,7.545356750488281
13195,7.971127237592425
13197,7.133171830858503
13199,7.158508437020438
13201,7.442764350346157
13205,7.913204738071987
13207,7.533641678946359
13209,7.0273293767656595
13211,7.269395078931536
13213,7.636241504124233
13215,7.618148531232562
13217,7.433080945696149
13219,7.555212429591587
13221,7.5098922593253
13223,7.761270114353725
13225,7.214391912732806
13227,7.701020581381662
13229,7.021455083574567
13231,7.221479075295584
13233,7.454117093767438
13235,7.27234765461513
13237,7.132061208997454
13239,7.038453374590192
13241,6.553145544869559
13243,7.036819934844971
13245,7.481303419385638
13247,7.747590405600412
13249,7.36942229952131
13251,6.760431357792446
13253,7.358218601771763
13255,7.423005989619663
13257,7.488306318010602
13259,7.055025236947196
13261,7.303147656576974
13263,7.096357345581055
13265,6.957547119685581
13267,7.186273642948696
13269,7.1578289440699985
13271,7.142618111201695
13273,7.13472877229963
13275,7.374476364680699
13277,7.443633692605155
13279,7.07888616834368
13281,6.472408635275705
13283,6.996748856135777
13285,7.439425195966448
13287,7.318288462502616
13289,7.172548362186977
13291,6.6917619705200195
13293,7.21513032913208
13295,7.3711771965026855
13297,7.3853639875139505
13299,7.034661429268973
13301,7.034729753221784
13303,7.039093494415283
13305,6.948088305337088
13307,7.121941975184849
13309,7.060052803584508
13311,7.075329167502267
13313,7.764575004577637
13315,7.341062954493931
13317,7.007159437452044
13319,7.134052821568081
13321,7.402132851736886
16001,7.354326793125697
16003,6.15863391331264
16005,5.522717646190098
16007,4.855476243155343
16009,6.586391585213797
16011,5.646456718444824
16013,5.314847912107195
16015,5.60026570728847
16017,7.533395767211914
16019,5.2802634579794745
16021,8.081076894487653
16023,5.473328045436314
16025,5.1360189233507425
16027,7.717510972704207
16029,5.021093879427228
16031,5.689181872776577
16033,5.174389089856829
16035,6.27325405393328
16037,5.047422579356602
16039,5.943129198891776
16041,5.377395834241595
16043,5.166387728282383
16045,6.735573632376535
16047,6.54069014957973
16049,6.131090300423758
16051,5.957021372658866
16053,6.62315913609096
16055,7.167691707611084
16057,6.5950333050319125
16059,5.511643409729004
16061,6.6894692693437845
16063,5.951839923858643
16065,5.722511189324515
16067,6.209667205810547
16069,7.020357472555978
16071,5.5055011340550015
16073,5.922646999359131
16075,7.149284703390939
16077,5.712700775691441
16079,6.435454096112933
16081,5.036600044795445
16083,5.994574955531529
16085,5.546132360185895
16087,6.46819053377424
17001,7.15598862511771
17003,7.433393478393555
17005,7.487789290291922
17007,7.092729977199009
17009,7.1828083992004395
17011,7.470330647059849
17013,7.401163237435477
17015,7.486541884286064
17017,7.392628397260394
17019,7.623696259089878
17021,7.434433051518032
17023,7.645321232931955
17025,7.4768082073756625
17027,7.6670427322387695
17029,7.465377330780029
17031,9.008655411856516
17033,7.620327881404331
17035,7.48714964730399
17037,7.231377533503941
17039,7.481699739183698
17041,7.486531325748989
17043,9.186585835048131
17045,7.679127148219517
17047,7.386968817029681
17049,7.5435558046613425
17051,7.43578577041626
17053,7.447701249803815
17055,7.366379533495222
17057,7.314492293766567
17059,7.384064606257847
17061,7.432002816881452
17063,7.5482355526515414
17065,7.360624858311245
17067,7.165807247161865
17069,7.023206506456647
17071,7.254714625222342
17073,7.431770188467844
17075,7.305982725960868
17077,7.267810208456857
17079,7.610547270093646
17081,7.339591435023716
17083,7.490152835845947
17085,7.332381929670062
17087,6.945652484893799
17089,7.843712534223284
17091,7.2406302860804965
17093,7.6804977144513815
17095,7.352718898228237
17097,7.885272571018764
17099,7.607465812138148
17101,7.609634126935687
17103,7.421129362923758
17105,7.435779435294015
17107,7.515833445957729
17109,7.200267996106829
17111,7.240339756011963
17113,7.597772802625384
17115,7.568938050951276
17117,7.508497374398368
17119,7.921108177730016
17121,7.418964794703892
17123,7.540862083435059
17125,7.441697938101632
17127,7.335647242409842
17129,7.435992036546979
17131,7.315612520490374
17133,7.771483148847308
17135,7.48145021711077
17137,7.421266283307757
17139,7.3894134249006
17141,7.467525550297329
17143,7.575844832829067
17145,7.4117664609636575
17147,7.442490305219378
17149,7.272058963775635
17151,6.9554755347115655
17153,7.314035756247384
17155,7.675676550183978
17157,7.479533467973981
17159,7.556747164045062
17161,7.73060723713466
17163,8.145777906690325
17165,7.338791983468192
17167,7.5658562523978095
17169,7.243757997240339
17171,7.327700069972447
17173,7.407982008797782
17175,7.346077646527972
17177,7.529394694737026
17179,7.7295267922537665
17181,7.0544441768101285
17183,7.6845085961478095
17185,7.5766913550240655
17187,7.2467218807765414
17189,7.48430906023298
17191,7.422961916242327
17193,7.431879929133824
17195,7.46976729801723
17197,8.088148048945836
17199,7.329057897840228
17201,7.684161390577044
17203,7.580576079232352
18001,8.211599213736397
18003,8.311097690037318
18005,7.90848970413208
18007,7.550037179674421
18009,7.998788220541818
18011,8.175039768218994
18013,7.417759350367954
18015,7.8808247702462335
18017,7.564222812652588
18019,7.667650631495885
18021,7.764121055603027
18023,8.131226675851005
18025,7.230573858533587
18027,7.751983438219343
18029,7.855419363294329
18031,7.951476165226528
18033,7.848661014011928
18035,8.180708680834089
18037,7.60470267704555
18039,7.5644290787833075
18041,7.837597915104458
18043,7.643246446337018
18045,7.789383820125035
18047,7.668603692735944
18049,7.2256710188729425
18051,7.77273314339774
18053,8.11671529497419
18055,7.511894839150565
18057,8.61691699709211
18059,8.320299557277135
18061,7.44752836227417
18063,8.240511213030134
18065,8.03690699168614
18067,8.296809809548513
18069,8.097543443952288
18071,7.690417357853481
18073,7.243086474282401
18075,8.205579893929619
18077,7.676434653145926
18079,7.667510373251779
18081,8.28301565987723
18083,7.751954759870257
18085,7.5193279811314175
18087,7.4574505261012485
18089,8.174856730869838
18091,7.037642819540841
18093,7.419282300131662
18095,8.21190779549735
18097,9.27664933885847
18099,7.243387494768415
18101,7.38783243724278
18103,7.752932276044573
18105,7.538193566458565
18107,7.972306319645473
18109,7.879594802856445
18111,7.2219512122018
18113,7.557799271174839
18115,7.820153032030378
18117,7.3624085017613
18119,7.455630370548794
18121,7.765372208186558
18123,7.33626617704119
18125,7.589981283460345
18127,7.483457633427212
18129,7.586270196097238
18131,7.1286653109959195
18133,7.823934623173305
18135,8.150849887302943
18137,7.705388409750802
18139,8.009941305433001
18141,7.365325723375593
18143,7.606860501425607
18145,8.057070527757917
18147,7.809979711260114
18149,7.059678827013288
18151,7.81391361781529
18153,7.735224519457136
18155,7.707173892429897
18157,8.01841960634504
18159,8.117355006081718
18161,7.947230134691511
18163,7.91221284866333
18165,7.917627811431885
18167,7.982594558170864
18169,7.8910731588091165
18171,7.694060666220529
18173,7.699793134416852
18175,7.42206825528826
18177,8.00048555646624
18179,8.087427820478167
18181,7.4244683129446845
18183,7.7478765078953336
19001,6.801276343209403
19003,6.8635984148297995
19005,7.056500502995083
19007,6.767914227076939
19009,6.889448370252337
19011,7.18966885975429
19013,7.207520076206753
19015,6.884155205317906
19017,7.004751409803118
19019,7.136752196720669
19021,6.579872744424002
19023,6.983600752694266
19025,6.5985676901681085
19027,6.865582398005894
19029,6.860368728637695
19031,7.3562677928379605
19033,6.894025393894741
19035,6.606634208134243
19037,7.001948288508824
19039,6.815340655190604
19041,6.524588993617466
19043,7.097457272665841
19045,7.454127584184919
19047,6.81030627659389
19049,6.985234669276646
19051,6.775817326136997
19053,6.811282294137137
19055,7.198671409061976
19057,7.296054908207485
19059,6.52951295035226
19061,7.362589699881417
19063,6.594040666307722
19065,6.996782166617257
19067,6.955665111541748
19069,6.952194622584751
19071,6.990962982177734
19073,6.704718044825962
19075,7.00070401600429
19077,6.7832209042140414
19079,6.952063492366245
19081,6.801183019365583
19083,7.077772685459682
19085,6.792351382119315
19087,7.1355549948556085
19089,7.049685614449638
19091,6.662654536111014
19093,6.673638071332659
19095,7.21811478478568
19097,7.293592657361712
19099,7.138149670192173
19101,7.1138690539768765
19103,7.490788527897426
19105,7.268426554543631
19107,7.158916677747454
19109,6.682692664010184
19111,7.135476044246128
19113,7.412393978663853
19115,7.2782986504690985
19117,6.806367806025913
19119,6.786068507603237
19121,6.8958426884242465
19123,7.188863890511649
19125,7.086889948163714
19127,7.124632494790213
19129,7.018666199275425
19131,7.041923999786377
19133,6.662642751421247
19135,6.8373840876988
19137,6.91155481338501
19139,7.449318749564035
19141,6.6440662656511575
19143,6.6503473690577914
19145,6.926755428314209
19147,6.615383693150112
19149,6.682090827396938
19151,6.53962026323591
19153,7.46435444695609
19155,7.009212085178921
19157,7.14185551234654
19159,6.776828016553607
19161,6.656763417380197
19163,7.66288559777396
19165,6.8515216282435825
19167,7.047761985233852
19169,7.064083848680768
19171,7.042775630950928
19173,6.836581979479108
19175,6.86218295778547
19177,6.86876916885376
19179,7.049858093261719
19181,7.004425389426095
19183,7.338411331176758
19185,6.793044771466937
19187,6.724405765533447
19189,6.809869834354946
19191,7.032302243368966
19193,6.708579472133091
19195,6.864746366228376
19197,6.868208135877337
20001,6.796292441231864
20003,6.797184535435267
20005,6.890630040849958
20007,6.313114030020578
20009,6.204297065734863
20011,6.785935197557722
20013,6.898596082414899
20015,6.845386028289795
20017,6.716995647975376
20019,6.7506842613220215
20021,7.084961346217564
20023,5.546395029340472
20025,6.027438708714077
20027,6.592025007520403
20029,6.455953393663679
20031,6.745307309286935
20033,6.0761076382228305
20035,6.874876976013184
20037,6.936093807220459
20039,5.794188295091901
20041,6.632263932909284
20043,7.0270601000104636
20045,7.094756058284214
20047,6.023059776851109
20049,6.738598619188581
20051,6.076772281101772
20053,6.357917445046561
20055,5.900022574833462
20057,5.939979348863874
20059,6.833897726876395
20061,6.766831534249442
20063,5.851953097752163
20065,5.958699635096958
20067,5.8129313332693915
20069,5.90670953478132
20071,5.29273407799857
20073,6.744577748434884
20075,5.4759330068315775
20077,6.6212166377476285
20079,6.698216438293457
20081,5.93959869657244
20083,5.965665817260742
20085,6.684302806854248
20087,6.909606797354562
20089,6.2660612378801614
20091,7.812427793230329
20093,5.674827030726841
20095,6.50673770904541
20097,6.027699334280832
20099,6.984689576285226
20101,5.793344361441476
20103,7.091399737766811
20105,6.348814010620117
20107,6.802506038120815
20109,5.733028820582798
20111,6.705460752759661
20113,6.57964631489345
20115,6.661714621952602
20117,6.637273924691336
20119,5.931862694876535
20121,6.8881072998046875
20123,6.330891336713519
20125,6.9889663968767435
20127,6.678210939679827
20129,5.313586166926792
20131,6.720105988638742
20133,6.918863568987165
20135,5.8684283665248325
20137,5.951317650931222
20139,6.712185655321393
20141,6.169240951538086
20143,6.486227784837995
20145,6.039696965898786
20147,6.087581293923514
20149,6.71516786302839
20151,6.2894149507795065
20153,5.63288232258388
20155,6.522491318838937
20157,6.3971685000828336
20159,6.327945504869734
20161,6.71491881779262
20163,6.085899829864502
20165,5.981476783752441
20167,6.212645258222308
20169,6.596558025905064
20171,5.826030322483608
20173,7.12704290662493
20175,5.857973507472447
20177,7.079398836408343
20179,5.827929088047573
20181,5.48699426651001
20183,6.137209892272949
20185,6.265527725219727
20187,5.420029367719378
20189,5.660085950578962
20191,6.808307034628732
20193,5.617271627698626
20195,5.919926030295236
20197,6.7335124015808105
20199,5.560978616986956
20201,6.50938047681536
20203,5.602450166429792
20205,6.866142136710031
20207,6.73944582257952
20209,7.9376542908804755
21001,6.95597539629255
21003,7.062698023659842
21005,7.119383743831089
21007,7.40374367577689
21009,7.202013765062604
21011,6.96824836730957
21013,6.729856491088867
21015,8.376456805637904
21017,7.1865129470825195
21019,7.29735449382237
21021,7.175773007529123
21023,7.3984552792140414
21025,6.7766609873090475
21027,7.266602039337158
21029,7.59801755632673
21031,7.180196625845773
21033,7.075061593736921
21035,7.0570259775434225
21037,8.406438623155866
21039,7.29228012902396
21041,7.7714796747480115
21043,6.94586569922311
21045,6.864352907453265
21047,7.24057538168771
21049,7.216762815202985
21051,6.80520418712071
21053,6.973712239946638
21055,7.032060486929757
21057,6.85094554083688
21059,7.746702262333462
21061,7.066921710968018
21063,6.797969136919294
21065,6.906374590737479
21067,7.637720584869385
21069,7.0230134555271695
21071,6.848662921360561
21073,7.294160911015102
21075,7.355410780225482
21077,7.66927569253104
21079,7.1301396914890836
21081,7.345563547951834
21083,7.190098149435861
21085,7.130634648459298
21087,7.034229551042829
21089,7.199970994676862
21091,7.546787057604108
21093,7.362270423344204
21095,6.7509675707135886
21097,7.207681383405413
21099,7.047796521868024
21101,7.714442321232387
21103,7.236344746180943
21105,7.374863692692348
21107,7.383913789476667
21109,6.804670333862305
21111,8.530330998556954
21113,7.424319335392544
21115,6.811587946755545
21117,8.345636299678256
21119,6.83189412525722
21121,6.85484961100987
21123,7.280778203691755
21125,7.078844002314976
21127,6.939205510275705
21129,6.8364330019269675
21131,6.834536824907575
21133,6.864736761365618
21135,7.125966617039272
21137,7.025993074689593
21139,7.116165706089565
21141,7.369168554033552
21143,7.103192056928362
21145,7.457355976104736
21147,6.88901914869036
21149,7.858992372240339
21151,7.206588608878
21153,6.747344902583531
21155,7.12179218019758
21157,7.107699121747698
21159,6.831452914646694
21161,7.464423997061593
21163,7.388634477342878
21165,6.827183382851737
21167,7.249442986079624
21169,6.93019301550729
21171,6.970104421888079
21173,7.042634350912912
21175,6.759476797921317
21177,7.4214010919843405
21179,7.436679635729108
21181,7.031257152557373
21183,7.423464434487479
21185,7.559641906193325
21187,7.165616921016148
21189,6.78730753489903
21191,7.563641207558768
21193,6.87982668195452
21195,6.844939981188093
21197,6.9394805090768
21199,7.071995871407645
21201,7.1495680809021
21203,6.866147926875523
21205,6.900252274104527
21207,7.029377051762172
21209,7.2636557306562155
21211,7.334220205034528
21213,7.414212771824428
21215,7.365397044590542
21217,7.086504255022321
21219,7.3844033649989536
21221,7.10976825441633
21223,7.5210506575448175
21225,7.4324188232421875
21227,7.348732130868094
21229,7.122970717293875
21231,6.97346476146153
21233,7.483660629817417
21235,6.928739820207868
21237,6.840833527701242
21239,7.3011667387826105
22001,7.788879939488002
22003,7.327453885759626
22005,8.76734345299857
22007,8.232776301247734
22009,7.607285840170724
22011,7.188629286629813
22013,7.330174037388393
22015,7.506313323974609
22017,7.689900738852365
22019,7.589258466448102
22021,7.35446970803397
22023,7.894548620496478
22025,7.570483003343854
22027,7.35959107535226
22029,7.672288826533727
22031,7.596446173531668
22033,8.24477059500558
22035,7.550514084952218
22037,7.4493498120989114
22039,7.598835740770612
22041,7.51210744040353
22043,7.329497677939279
22045,8.075634138924736
22047,8.113821234021868
22049,7.407523155212402
22051,8.17139162336077
22053,7.67012003489903
22055,8.052906853812082
22057,7.7649519102913995
22059,7.302005086626325
22061,7.692830698830741
22063,7.767369406563895
22065,7.546489102499826
22067,7.562497207096645
22069,7.420952388218471
22071,8.26765809740339
22073,7.68086222239903
22075,7.677076884678432
22077,7.967467648642404
22079,7.50054931640625
22081,7.546205520629883
22083,7.565222195216587
22085,7.520711966923305
22087,7.838972227913993
22089,8.163127422332764
22091,7.251787594386509
22093,8.335751056671143
22095,7.990727833339146
22097,7.654627050672259
22099,7.89730978012085
22101,8.051892689296178
22103,7.43331561769758
22105,7.361813885825021
22107,7.524099554334368
22109,7.939502511705671
22111,7.550021716526577
22113,7.899586745670863
22115,7.316538265773228
22117,7.137828077588763
22119,7.356118065970285
22121,8.39363009589059
22123,7.339582511356898
22125,7.593336650303432
22127,7.254426070622036
23001,5.135133266448975
23003,5.070200272968837
23005,5.156591687883649
23007,5.480230467660086
23009,4.521650961467198
23011,4.985826287950788
23013,4.507941246032715
23015,4.622730425425938
23017,5.415828159877232
23019,4.852399247033255
23021,5.070868866784232
23023,4.847784996032715
23025,5.233367647443499
23027,4.718800442559378
23029,4.411430733544486
23031,5.124081952231271
24001,7.270745004926409
24003,7.729802199772426
24005,7.468711239950998
24009,6.604622295924595
24011,7.160490989685059
24013,7.245171274457659
24015,6.996473176138742
24017,6.791256291525705
24019,6.80467346736363
24021,7.370015757424491
24023,6.998123032706125
24025,7.107335090637207
24027,7.4994016374860495
24029,6.914039066859654
24031,7.526516710008893
24033,7.660412924630302
24035,7.208239623478481
24037,6.551976340157645
24039,7.062948295048305
24041,7.026519707271031
24043,7.520913464682442
24045,6.765362467084612
24047,6.482161794389997
24510,8.870375497000557
25001,5.180724143981934
25003,6.329576696668353
25005,5.7941621371677945
25007,4.901610374450684
25009,5.9846577644348145
25011,6.433033398219517
25013,6.482432978493827
25015,6.500153950282505
25017,6.550860949925014
25019,4.919212068830218
25021,6.398855822426932
25023,5.483313288007464
25025,7.060549599783761
25027,6.097481318882534
26001,5.722955090659005
26003,5.230654648372105
26005,6.823833874293737
26007,5.665864399501255
26009,5.540585313524518
26011,6.154459748949323
26013,5.292987448828561
26015,7.1953365462166925
26017,6.604558263506208
26019,5.457084928240095
26021,6.841007164546421
26023,7.5965206282479425
26025,7.599156447819301
26027,6.977891308920724
26029,5.4323601722717285
26031,5.467546599251883
26033,5.477703298841204
26035,6.180857998984201
26037,7.399989673069546
26039,5.831693649291992
26041,5.4917658397129605
26043,5.6287078857421875
26045,7.584538051060267
26047,5.3642939158848355
26049,7.289734159197126
26051,6.179405689239502
26053,5.386439527784075
26055,5.754681042262486
26057,6.9518537521362305
26059,7.708719526018416
26061,5.0929601192474365
26063,6.097332681928362
26065,7.746419702257429
26067,7.270330905914307
26069,5.960024493081229
26071,5.586731025150844
26073,6.685565607888358
26075,7.688848836081369
26077,7.249888760702951
26079,5.78270605632237
26081,7.113082681383405
26083,4.925443410873413
26085,5.9972695623125345
26087,6.805190018245152
26089,5.470481600080218
26091,7.51766266141619
26093,7.4402249200003485
26095,5.320585761751447
26097,5.328719752175467
26099,8.098601681845528
26101,5.678226811545236
26103,5.404113258634295
26105,5.898788724626813
26107,6.5117146628243585
26109,5.673321792057583
26111,6.511138847896031
26113,5.9860822813851495
26115,7.54802063533238
26117,6.93309211730957
26119,5.64951719556536
26121,6.3914618492126465
26123,6.270550114767892
26125,8.054014750889369
26127,6.027303900037493
26129,6.0196926934378485
26131,5.183904477528164
26133,6.107653549739292
26135,5.8205657686506
26137,5.630799974714007
26139,6.839354310716901
26141,5.471013273511614
26143,6.0511795452662875
26145,6.940202713012695
26147,6.984557015555246
26149,7.195261750902448
26151,6.385513986860003
26153,5.2359060900551935
26155,7.259004592895508
26157,6.523654392787388
26159,6.693329402378628
26161,7.518373489379884
26163,8.896815231868198
26165,5.844060829707554
27001,6.382473060062954
27003,8.067837715148926
27005,6.565184661320278
27007,6.60268361227853
27009,7.05062334878104
27011,6.564201695578439
27013,6.874852929796491
27015,6.565398420606341
27017,6.271626199994769
27019,7.386702196938651
27021,6.500192846570696
27023,6.546296460287912
27025,7.426665237971714
27027,7.014108521597726
27029,6.4786787033081055
27031,5.670358521597726
27033,6.373535769326346
27035,6.494088990347726
27037,8.1341598374503
27039,7.237255913870675
27041,6.687687260763986
27043,6.747686113630023
27045,7.090113980429513
27047,6.927038669586182
27049,7.383822849818638
27051,6.830465521131243
27053,8.398275375366211
27055,7.1297430992126465
27057,6.516417503356934
27059,7.390901633671352
27061,6.54452657699585
27063,6.420986175537109
27065,7.080492837088449
27067,6.766724858965192
27069,7.214043004172188
27071,6.477954660143171
27073,6.426112515585763
27075,6.001795496259417
27077,6.734239101409912
27079,7.059648513793945
27081,6.42495448248727
27083,6.433902195521763
27085,6.888951165335519
27087,6.589007650102888
27089,6.961074216025216
27091,6.634425571986607
27093,6.849114622388567
27095,7.090685231345041
27097,6.598883288247245
27099,7.1017383847917825
27101,6.405282156808036
27103,6.886199338095529
27105,6.521033559526716
27107,6.971160479954311
27109,7.403883457183838
27111,6.56862769808088
27113,6.802314962659564
27115,6.519076415470669
27117,6.466611657823835
27119,6.94971193586077
27121,6.735365799495152
27123,9.087083612169538
27125,6.795312540871756
27127,6.415685926164899
27129,6.587550095149449
27131,7.319265978676932
27133,6.605537823268345
27135,6.6729671614510675
27137,6.330222879137311
27139,7.648942129952567
27141,7.400096143995012
27143,6.8560406139918735
27145,6.892427853175572
27147,7.11199072429112
27149,6.699698039463588
27151,6.606248242514474
27153,6.2588582038879395
27155,6.592675754002163
27157,7.2619179998125345
27159,6.293185915265765
27161,7.003760542188372
27163,8.281590121132988
27165,6.549802643912179
27167,6.833573205130441
27169,7.27229813167027
27171,7.290548665182931
27173,6.440915925162179
28001,7.423568453107562
28003,6.912403924124582
28005,7.356292111533029
28007,7.050701822553362
28009,6.859855447496686
28011,7.090887410300119
28013,6.9430937085832864
28015,6.763621534620013
28017,7.024685791560581
28019,7.057243483407157
28021,7.189004489353725
28023,7.119545936584473
28025,7.050913742610386
28027,6.907058375222342
28029,7.3027262687683105
28031,7.737020356314523
28033,7.423487867627825
28035,7.263831274850028
28037,7.340416772024972
28039,7.10738468170166
28041,7.1761104719979425
28043,6.898994241441999
28045,7.302365303039551
28047,7.426501887185233
28049,7.288366113390241
28051,6.97677891595023
28053,7.397769587380545
28055,7.469305651528495
28057,6.981109142303467
28059,7.492483343396868
28061,7.287844044821603
28063,7.2745793887547086
28065,7.381980691637311
28067,7.576982770647321
28069,7.117075647626605
28071,6.939163752964565
28073,7.200556005750384
28075,7.1232162203107565
28077,7.476955958775112
28079,7.54049471446446
28081,7.136642796652658
28083,7.108144010816302
28085,7.282654557909284
28087,7.344304765973773
28089,7.312964030674526
28091,7.287928989955357
28093,6.9270316532679965
28095,7.019375119890485
28097,6.8892837933131625
28099,7.526624543326242
28101,7.313143593924386
28103,7.19726950781686
28105,7.095770018441336
28107,6.810481343950544
28109,7.065612656729562
28111,7.1679558753967285
28113,7.290574210030692
28115,6.932600770677839
28117,6.957484177180699
28119,6.999064036778042
28121,7.52587366104126
28123,7.617129734584263
28125,7.479757513318743
28127,7.6827482495989114
28129,7.779576642172677
28131,7.119636399405343
28133,7.136990683419364
28135,6.881284509386335
28137,6.92128358568464
28139,6.902902466910226
28141,6.946669919150216
28143,7.125205108097622
28145,6.945712906973703
28147,7.331840378897531
28149,7.346813951219831
28151,7.381276743752616
28153,7.356866564069476
28155,6.948440756116595
28157,7.378726141793387
28159,7.148509638650077
28161,6.865519455501011
28163,7.214726379939488
29001,6.686956065041678
29003,6.983355385916574
29005,6.987225191933768
29007,6.908274446214948
29009,7.167047296251569
29011,6.978727408817837
29013,6.8866327830723355
29015,6.715678419385637
29017,6.836603505270822
29019,6.91990647997175
29021,7.158656120300293
29023,7.169487953186035
29025,6.819808142525809
29027,6.841016360691616
29029,6.65992546081543
29031,7.183443341936384
29033,6.797525610242571
29035,6.505500520978655
29037,7.055897508348737
29039,6.732139314923968
29041,6.758815220424107
29043,6.642139571053641
29045,6.833445480891636
29047,7.447050843920026
29049,7.006248542240688
29051,6.8724333218165805
29053,6.845525469098773
29055,6.647099563053676
29057,6.84673125403268
29059,6.633341244288853
29061,6.890487466539655
29063,6.926180294581822
29065,6.472070693969727
29067,6.362166064126151
29069,7.406528268541608
29071,7.180736677987235
29073,6.857794761657715
29075,6.8926593235560825
29077,6.966501099722726
29079,6.832508427756173
29081,6.839317253657749
29083,6.864119529724121
29085,6.645530496324811
29087,7.085450717381069
29089,6.809547628675189
29091,6.3903639657156805
29093,6.543038436344692
29095,7.904360294342041
29097,7.170759064810617
29099,7.524445942470005
29101,6.9120291982378275
29103,6.663834776197161
29105,6.514940125601632
29107,7.064070088522775
29109,6.971522467476981
29111,6.822363240378244
29113,7.306306021554129
29115,6.692578383854458
29117,6.794594424111502
29119,7.089252471923828
29121,6.692693097250802
29123,6.651464734758649
29125,6.657435417175293
29127,6.926998615264893
29129,6.744957174573626
29131,6.6493586131504605
29133,7.4086833000183105
29135,6.790200982775007
29137,6.766376222882952
29139,6.988624368395124
29141,6.674787998199463
29143,7.489892755235944
29145,7.229784761156354
29147,6.912337711879185
29149,6.412346158708845
29151,6.798104354313442
29153,6.4073982919965475
29155,7.462819303785052
29157,7.101679597582136
29159,7.0089849063328336
29161,6.607049465179443
29163,7.105960777827671
29165,7.281059878213065
29167,6.761080878121512
29169,6.560287611825125
29171,6.664077145712716
29173,6.9295783042907715
29175,6.780045713697161
29177,6.937334401266916
29179,6.475813388824463
29181,6.655695302145822
29183,8.15016051701137
29185,6.721338748931885
29186,7.073420115879604
29187,6.872727734701974
29189,8.757597718920026
29195,6.902277673993792
29197,6.637564182281494
29199,6.688120024544852
29201,7.441624709538051
29203,6.399253027779715
29205,6.714805943625314
29207,7.423620632716587
29209,6.752974782671247
29211,6.712560313088553
29213,6.602061203547886
29215,6.4158846991402765
29217,6.878308091844831
29219,7.211253574916294
29221,6.744679110390799
29223,6.6796063014439175
29225,6.535656111580985
29227,6.831009047372
29229,6.389461176736014
29510,9.316072463989258
30001,5.21775838306972
30003,5.326248066765921
30005,6.822602680751256
30007,5.889375959123884
30009,4.961193629673549
30011,5.866525309426444
30013,6.029333318982806
30015,6.319743837629046
30017,6.024399416787284
30019,6.853555474962507
30021,6.509094374520438
30023,5.3331155095781595
30025,6.094198976244245
30027,6.007078375135149
30029,6.62389257975987
30031,5.23099160194397
30033,6.170778002057757
30035,6.300570215497698
30037,5.499826056616647
30039,5.445694582802909
30041,6.7393890108381
30043,5.552587441035679
30045,5.874003955296108
30047,6.8297600746154785
30049,5.774608680180141
30051,6.609433242252895
30053,7.231296471187046
30055,6.469277926853725
30057,5.0946473734719415
30059,5.554471015930176
30061,6.2238200051443915
30063,6.1174309594290595
30065,5.646090950284686
30067,4.884826796395438
30069,6.037323338644845
30071,6.804745810372489
30073,6.189343724931989
30075,5.605512823377337
30077,5.601448672158377
30079,6.181550366537912
30081,5.723572186061314
30083,6.745000430515835
30085,6.779606206076486
30087,5.800119400024414
30089,6.73789085660662
30091,7.114259583609445
30093,5.396628686359951
30095,5.162137474332537
30097,5.307184389659336
30099,6.06505400793893
30101,6.39116518838065
30103,5.845718111310687
30105,6.889801910945347
30107,5.696947506495884
30109,6.438239165714809
30111,5.597262110028948
31001,6.273701190948486
31003,6.069199970790318
31005,5.265222242900304
31007,5.11952931540353
31009,5.613613401140485
31011,6.0893626894269675
31013,5.211625848497663
31015,5.873632839747837
31017,5.5613557270595
31019,6.183304173605783
31021,6.647212300981794
31023,6.429127488817487
31025,6.848171438489642
31027,6.3147479466029575
31029,5.5295547076634
31031,5.3802681650434225
31033,5.24602883202689
31035,6.290938513619559
31037,6.402867657797677
31039,6.536229201725551
31041,5.956892762865339
31043,6.684135164533343
31045,5.455319404602051
31047,6.247715813773019
31049,5.379566328866141
31051,6.413473946707589
31053,6.637026037488665
31055,7.461144856044224
31057,5.522925649370466
31059,6.3015883309500555
31061,6.169824940817697
31063,5.8052295957292825
31065,5.994227000645229
31067,6.619271414620536
31069,5.3075032234191895
31071,5.759998185294015
31073,6.086604867662702
31075,5.268854856491089
31077,5.9526970727103095
31079,6.247554438454764
31081,6.2118081365312845
31083,6.126725605555943
31085,5.66945675441197
31087,5.661041736602783
31089,5.831430435180664
31091,5.373437098094395
31093,6.053648131234305
31095,6.518651485443115
31097,6.625056062425886
31099,6.2233671460832864
31101,5.541937283107212
31103,5.699751104627337
31105,4.939820562090192
31107,6.138330323355539
31109,6.777955395834787
31111,5.73935215813773
31113,5.611423696790423
31115,5.721345901489258
31117,5.41056135722569
31119,6.162514414106097
31121,6.158168111528669
31123,5.374218259538923
31125,6.091041769300189
31127,6.8201760564531595
31129,6.3123434611729214
31131,6.760539599827358
31133,6.683847563607352
31135,5.50390270778111
31137,6.242621558053153
31139,6.137840952192034
31141,6.296481200626919
31143,6.279229777199881
31145,5.862729685647147
31147,6.8656743594578336
31149,5.673335552215576
31151,6.430030345916748
31153,7.535400458744594
31155,6.668482507978167
31157,5.532414027622768
31159,6.371699673788888
31161,5.341718673706055
31163,6.057196140289307
31165,5.1733229500906805
31167,6.269294261932373
31169,6.389587538582938
31171,5.516831534249442
31173,6.493996960776193
31175,5.999936376299177
31177,6.801454884665353
31179,6.370626926422119
31181,6.241491998944964
31183,5.866383211953299
31185,6.263301508767264
32001,6.215372358049665
32003,5.959732464381626
32005,6.7783364568437845
32007,5.365669557026455
32009,5.162823370524816
32011,5.220181362969535
32013,6.189021859850202
32015,5.421071767807007
32017,5.172816685267857
32019,6.590571675981794
32021,5.673463889530727
32023,5.053640331540789
32027,6.267835344587054
32029,6.869622979845319
32031,6.833800792694092
32033,4.856394801821027
32510,7.03888429914202
33001,5.472380501883371
33003,5.321341446467808
33005,6.006207398005894
33007,5.916024139949253
33009,5.905111585344587
33011,5.845285620008196
33013,5.713549750191825
33015,5.684109210968018
33017,5.320309162139893
33019,6.011119297572544
34001,6.143780844552176
34003,8.383643627166748
34005,6.652721813746861
34007,7.469785349709647
34009,6.119294711521694
34011,6.4746608052934915
34013,8.478984219687325
34015,7.113898277282715
34017,9.064915929521833
34019,6.760616438729422
34021,7.278221334729876
34023,8.014137268066406
34025,6.855959687914167
34027,6.949942520686558
34029,6.399040494646345
34031,7.197702884674072
34033,6.772727285112653
34035,7.270323685237339
34037,6.381569794246128
34039,8.573901789528982
34041,6.638720239911761
35001,5.000504493713379
35003,4.612401791981289
35005,4.814876147678921
35006,4.473309312547956
35007,4.489191974912371
35009,4.787267957414899
35011,4.3992361681801935
35013,5.215261936187744
35015,5.4373480933053155
35017,4.951085158756801
35019,4.266700267791748
35021,4.2273032665252686
35023,5.393420696258545
35025,5.045929500034878
35027,4.523557594844273
35028,4.599337066922869
35029,5.275638580322266
35031,4.2401957511901855
35033,4.686588117054531
35035,4.922519207000732
35037,4.479344572339739
35039,4.187231506620135
35041,4.657360928399222
35043,4.488606555121286
35045,4.528286831719535
35047,4.3989251000540595
35049,4.660190275737218
35051,5.235440526689802
35053,4.743151358195713
35055,4.433811153684344
35057,4.238032136644636
35059,4.290578365325928
35061,4.921738624572754
36001,7.0501411982945035
36003,6.627444335392544
36005,8.700422082628522
36007,6.803334031786237
36009,6.44360705784389
36011,6.268486159188407
36013,6.423008782523019
36015,6.960242475782122
36017,6.470316682543073
36019,6.206101145063128
36021,6.817273139953613
36023,6.193769318716867
36025,6.3242598261152
36027,6.753622123173305
36029,6.849462304796491
36031,6.030492237636021
36033,5.967943872724261
36035,6.472756862640381
36037,6.518307685852051
36039,6.548638275691441
36041,6.096579551696777
36043,6.239131586892264
36045,6.009632246834891
36047,8.93728767122541
36049,5.809352670397077
36051,6.4730264118739536
36053,6.149433953421457
36055,6.5594819613865445
36057,6.64301552091326
36059,8.017780576433454
36061,9.40704243523734
36063,6.573657308306013
36065,6.148146765572684
36067,6.543944154466901
36069,6.414322376251221
36071,6.4014338084629605
36073,6.2061935152326315
36075,5.891955307551792
36077,6.382642337254116
36079,6.532750334058489
36081,8.495162350790842
36083,6.871375492640904
36085,8.587406362806048
36087,7.226783003125872
36089,5.88651248386928
36091,7.042056083679198
36093,7.042359624590192
36095,6.308928353445871
36097,6.531671251569476
36099,6.4315948486328125
36101,6.722601890563965
36103,6.357239655085972
36105,6.314917155674526
36107,6.7831830978393555
36109,6.460709639957973
36111,6.388420581817627
36113,6.407618999481201
36115,6.6367582593645364
36117,6.09816176550729
36119,7.374176297869001
36121,6.445502894265311
36123,6.438709599631173
37001,6.864292621612549
37003,7.085051536560059
37005,6.428564071655273
37007,6.997582708086286
37009,6.191190992082868
37011,6.032588345663888
37013,6.156264100755964
37015,6.175736154828753
37017,6.597476278032575
37019,6.203845977783203
37021,6.481313977922712
37023,6.674141611371722
37025,7.169460296630859
37027,6.713950906481061
37029,6.002887453351702
37031,5.887761797223773
37033,6.585855688367571
37035,7.109628813607352
37037,6.900926930563791
37039,6.71776008605957
37041,6.22643027986799
37043,6.361422266278948
37045,6.89738266808646
37047,6.3102039609636575
37049,6.207394123077393
37051,7.107003211975098
37053,5.8944253240312845
37055,5.889211995261056
37057,6.9413491657802036
37059,6.8577431951250345
37061,7.152545588357108
37063,7.300646168845041
37065,6.469951697758266
37067,7.264395645686558
37069,6.637953008924212
37071,7.121932029724121
37073,6.109198706490653
37075,6.391258920942034
37077,6.683857509068081
37079,6.594587462288993
37081,7.261714254106794
37083,6.406618867601667
37085,7.035062449319022
37087,6.127204963139126
37089,6.5040362903050015
37091,6.2820649828229636
37093,6.9250447409493585
37095,5.892054353441511
37097,7.036840779440744
37099,5.999406201498849
37101,6.876950127737863
37103,6.234781810215542
37105,6.960641247885568
37107,6.56101621900286
37109,6.986857550484793
37111,6.4564915384565085
37113,6.0965712411063055
37115,6.304460797991071
37117,6.187972409384591
37119,7.852863243647984
37121,6.123162950788226
37123,6.914356640407017
37125,6.920128413609096
37127,6.6801862716674805
37129,6.613065242767334
37131,6.379806791033063
37133,6.26505320412772
37135,6.784430571964809
37137,6.016468456813267
37139,6.176161629813058
37141,6.250589915684292
37143,6.22622994014195
37145,6.878286225455148
37147,6.4274581500462125
37149,6.565017291477749
37151,6.950175080980573
37153,7.105482850755964
37155,6.734713963099888
37157,6.69903700692313
37159,6.92695597239903
37161,6.635662760053362
37163,7.134114197322301
37165,6.933497565133231
37167,6.9292095729282925
37169,6.675993715013776
37171,6.87246070589338
37173,6.20842490877424
37175,6.210672514779227
37177,5.8734186717442105
37179,7.531177043914795
37181,6.663356917245047
37183,7.420984608786447
37185,6.497387817927769
37187,5.9956955909729
37189,6.227125099727085
37191,6.895553043910435
37193,7.168610368456159
37195,6.735101154872349
37197,6.896388326372419
37199,6.0590322358267645
38001,6.087251663208008
38003,6.0847377095903665
38005,6.5590331213814865
38007,6.557662146432059
38009,7.267655100141253
38011,6.019790581294468
38013,7.236474582127163
38015,6.3841014589582175
38017,6.5326482227870395
38019,7.075137683323451
38021,6.14817476272583
38023,7.471556322915213
38025,6.416581221989222
38027,6.308128152574811
38029,6.355407101767404
38031,6.1742262840271
38033,6.515240328652518
38035,6.636970724378314
38037,6.119389125279018
38039,6.257183143070766
38041,6.358574254172189
38043,6.370429243360247
38045,5.994655745370047
38047,6.321794033050537
38049,6.628553322383335
38051,6.282354967934745
38053,6.824099676949637
38055,6.601501669202532
38057,6.41974789755685
38059,6.2731130463736395
38061,6.881278651101249
38063,6.594030516488211
38065,6.353296756744385
38067,6.933095727648054
38069,6.699826104300363
38071,6.735105991363525
38073,6.166128022330148
38075,7.063907827649798
38077,6.550980159214565
38079,7.17554555620466
38081,6.354052679879325
38083,6.472249099186489
38085,6.202696459633963
38087,6.278330734797886
38089,6.428077833993094
38091,6.2761641229902
38093,6.254466124943325
38095,6.9320944377354214
38097,6.621512821742466
38099,6.73754528590611
38101,6.8852819715227405
38103,6.332986218588693
38105,7.201613289969308
39001,7.380209377833775
39003,8.128541673932757
39005,7.646410465240479
39007,6.801688126155308
39009,7.45353399004255
39011,8.301137924194336
39013,7.749552590506417
39015,7.695666108812604
39017,8.510252135140556
39019,7.7565717697143555
39021,8.15422180720738
39023,8.343244688851494
39025,8.164628301348005
39027,7.94921909059797
39029,7.764791420527867
39031,7.986960411071777
39033,7.652133192334857
39035,8.542977469308036
39037,8.506624902997698
39039,8.062279224395752
39041,8.75970561163766
39043,7.383759566715786
39045,8.051952293940953
39047,7.887097835540771
39049,9.573434148515974
39051,7.63329689843314
39053,7.568875449044364
39055,7.086933749062674
39057,8.271910054343087
39059,7.784435749053954
39061,8.94744178227016
39063,7.64074046271188
39065,7.883803027016776
39067,7.80730642591204
39069,7.783461570739746
39071,7.663493837629046
39073,7.510325772421701
39075,7.955246107918875
39077,7.4129213605608255
39079,7.358157566615513
39081,8.098012379237584
39083,7.982266085488456
39085,7.41140467779977
39087,7.273517608642578
39089,8.116827011108398
39091,8.200888429369245
39093,7.789388452257429
39095,8.293415342058454
39097,8.23071037020002
39099,7.9087562561035165
39101,8.123731136322021
39103,7.747332504817417
39105,7.44257995060512
39107,8.641516072409493
39109,8.414320809500557
39111,7.511690207890102
39113,8.809007031576973
39115,7.60468932560512
39117,7.982450076511928
39119,7.925282001495361
39121,7.59575925554548
39123,7.725934164864676
39125,8.231296471187047
39127,7.707331248692104
39129,8.13158028466361
39131,7.412873949323382
39133,7.507066931043353
39135,8.159927640642438
39137,7.941448620387487
39139,7.712004593440465
39141,7.67383166721889
39143,7.475279671805246
39145,7.27340350832258
39147,7.492316654750279
39149,8.345977646963936
39151,8.147552149636406
39153,8.153906072889056
39155,7.3179738862173895
39157,7.936241286141532
39159,8.4449005126953125
39161,8.11127976008824
39163,7.375592436109271
39165,8.46809755052839
39167,7.513010365622384
39169,7.899421146937779
39171,7.899021489279611
39173,7.702327523912702
39175,7.719824995313372
40001,6.985671383993966
40003,6.802648544311523
40005,6.936902318681989
40007,5.882933957236154
40009,5.797370365687779
40011,6.633361680167062
40013,7.072222982134138
40015,6.609471389225551
40017,7.085300649915423
40019,7.006104741777692
40021,6.8678661073957175
40023,6.924947329929897
40025,4.644420385360718
40027,7.134421416691372
40029,6.978817939758301
40031,6.759152412414551
40033,6.824465274810791
40035,7.139891965048654
40037,6.878428254808698
40039,6.1487845693315775
40041,7.325549057551792
40043,6.080645424979074
40045,5.901420048304966
40047,6.964020797184536
40049,6.987906524113247
40051,6.887242794036865
40053,6.907773222242083
40055,5.993116855621338
40057,5.759083134787423
40059,6.0427744047982355
40061,7.1243060656956265
40063,6.963845797947475
40065,6.1794721739632745
40067,7.0402140617370605
40069,6.964381354195731
40071,7.02549934387207
40073,6.943091869354248
40075,6.35398360661098
40077,6.920300347464425
40079,7.13797834941319
40081,6.767253467014858
40083,6.841792515345982
40085,7.071258817400251
40087,6.911293847220285
40089,7.154416220528739
40091,7.092033249991281
40093,6.595186914716448
40095,7.2268026896885464
40097,7.251260144369943
40099,7.032619271959577
40101,7.162993635450091
40103,6.972251755850656
40105,7.11242151260376
40107,6.822543893541608
40109,7.7234359468732565
40111,7.00028875895909
40113,6.918060507093157
40115,7.310704639979771
40117,6.940757887704032
40119,6.951001099177769
40121,7.004301343645368
40123,6.9595425469534735
40125,6.839568478720529
40127,6.873888356345041
40129,5.681560175759452
40131,7.301686355045864
40133,6.8769403866359164
40135,6.9416046142578125
40137,6.867025715964181
40139,5.672551155090332
40141,6.452370371137347
40143,7.943061351776123
40145,7.306492941720145
40147,7.163833822522845
40149,6.0603733743940085
40151,6.393060616084507
40153,6.1431884765625
41001,5.91918066569737
41003,5.081537791660854
41005,9.035019942692347
41007,4.647084031786237
41009,5.251718725476946
41011,6.170381818498884
41013,5.747606481824603
41015,8.182990653174263
41017,6.294280937739781
41019,7.2403163228716165
41021,6.157442842211042
41023,5.424013819013323
41025,5.943779127938407
41027,5.86346435546875
41029,7.742975507463727
41031,6.592517716544015
41033,9.066992623465401
41035,7.1901553358350485
41037,6.5880446434021
41039,7.743283612387521
41041,4.699972254889352
41043,7.297993046896798
41045,6.152913161686489
41047,8.37837280545916
41049,5.908333097185407
41051,7.051647594996861
41053,5.487579550061907
41055,6.1496750967843195
41057,4.634244782584054
41059,5.869831698281424
41061,5.69250624520438
41063,6.071259123938424
41065,6.7451789038521905
41067,5.688431603567941
41069,5.682091440473284
41071,5.377943175179618
42001,7.59408712387085
42003,8.914831297738212
42005,7.799955299922399
42007,8.351686137063163
42009,7.198738847460065
42011,7.881983075823102
42013,7.450544970376151
42015,7.0154628072466165
42017,7.381511279514858
42019,7.784532819475446
42021,7.507334436689105
42023,6.903524466923305
42025,7.102048192705427
42027,7.156617164611817
42029,7.425835950034005
42031,7.1317458152771
42033,7.154352051871164
42035,7.023187364850726
42037,7.269710540771484
42039,6.649837289537702
42041,7.945625168936593
42043,7.932467664991107
42045,7.997981071472167
42047,6.947022029331753
42049,6.616680758340018
42051,7.587247031075614
42053,6.65600197655814
42055,7.539891106741768
42057,7.214664050510952
42059,7.5457081113542825
42061,7.322993823460171
42063,7.87853581564767
42065,7.18058477129255
42067,7.4684504100254605
42069,7.055902072361538
42071,8.708367756434848
42073,7.667496476854597
42075,8.20631994519915
42077,8.001480783735003
42079,7.188984666551862
42081,7.027775355747768
42083,6.665984971182687
42085,7.112395967755999
42087,7.366353375571115
42089,6.738152163369315
42091,7.996708733694894
42093,8.005341393607003
42095,7.514544827597482
42097,7.6482279641287665
42099,7.465967927660261
42101,8.681189605167933
42103,6.479088647024972
42105,6.7943974903651645
42107,7.41915546144758
42109,7.686272961752755
42111,7.218185016087124
42113,6.7330178533281595
42115,6.7642669677734375
42117,6.917815549033029
42119,7.592346055167062
42121,6.7986933163234164
42123,6.527511187962124
42125,7.992119380405971
42127,6.510931355612619
42129,8.096387795039586
42131,6.916287558419364
42133,7.857024805886405
44001,6.415947028568813
44003,5.960271903446743
44005,5.820157187325614
44007,5.980016912732806
44009,5.522046089172363
45001,6.818236759730747
45003,7.058579444885254
45005,6.621838569641113
45007,7.061217171805246
45009,6.572008201054165
45011,6.745175157274518
45013,7.052033628736224
45015,6.644669669015067
45017,6.705339227403913
45019,6.749981948307583
45021,6.828751359667097
45023,6.739368779318673
45025,6.715547289167132
45027,6.544531958443778
45029,6.57779107775007
45031,6.607147557394845
45033,6.528203214917864
45035,6.627638953072684
45037,6.957554204123361
45039,6.723186765398298
45041,6.473168781825474
45043,6.369298934936523
45045,7.051948615482876
45047,6.880463940756662
45049,6.5893177304949075
45051,6.371140820639474
45053,6.725227492196219
45055,6.647772380283901
45057,6.790854590279715
45059,6.780274050576346
45061,6.59586729322161
45063,7.263356276920864
45065,6.9041659491402765
45067,6.353528703962054
45069,6.6934331485203336
45071,6.881268637520926
45073,7.135392325265067
45075,6.620249680110386
45077,6.874752453395298
45079,7.047974245888846
45081,6.986963953290667
45083,7.001729420253208
45085,6.685020923614502
45087,6.744620731898716
45089,6.315845012664795
45091,7.024352891104562
46003,6.201999528067453
46005,6.517803396497454
46007,5.54658876146589
46009,6.149695328303745
46011,6.511060646602085
46013,6.50961937223162
46015,6.148681095668247
46017,6.310118675231934
46019,5.852446487971714
46021,6.249440261295864
46023,6.038683073861258
46025,6.662922450474331
46027,6.331752845219204
46029,6.492693356105259
46031,6.055785042898996
46033,5.426696572984968
46035,6.3592610359191895
46037,6.64761073248727
46039,6.407182148524693
46041,6.115011283329555
46043,6.1545266423906595
46045,6.3028965677533835
46047,5.442934513092041
46049,6.330796105521066
46051,6.356720515659878
46053,5.865706988743374
46055,5.865548270089286
46057,6.528324944632394
46059,6.319641862596784
46061,6.43108606338501
46063,5.8370543888637
46065,6.100958006722586
46067,6.251354285648891
46069,6.262685980115618
46071,5.896761417388916
46073,6.329975945608957
46075,5.808728626796177
46077,6.559131962912423
46079,6.512115137917655
46081,5.426748991012573
46083,6.4993824277605325
46085,6.107347556522915
46087,6.3836669921875
46089,6.251005922045026
46091,6.5466340609959195
46093,5.773131779261997
46095,5.787432125636509
46097,6.466972214835031
46099,6.567911079951695
46101,6.4377546310424805
46102,5.924935000283377
46103,5.7164091382707864
46105,5.815645217895508
46107,6.098399434770856
46109,6.433161463056292
46111,6.477677822113037
46115,6.511254855564663
46117,6.0848910467965265
46119,6.0816682406834195
46121,5.585968937192645
46123,5.826298918042864
46125,6.309757437024798
46127,6.473145484924316
46129,6.120931829724993
46135,6.250479970659528
46137,5.986055782863072
47001,7.1270527839660645
47003,7.248056071145194
47005,6.972063813890729
47007,6.812324183327811
47009,7.127591473715646
47011,7.755921636308942
47013,6.85568060193743
47015,6.955871173313686
47017,6.893010548182896
47019,6.581636905670166
47021,7.108264582497733
47023,6.753602913447788
47025,6.805722917829241
47027,7.083658831460135
47029,6.828283514295306
47031,7.13100004196167
47033,6.982385839734759
47035,6.809167725699289
47037,7.898999963487897
47039,6.75480420248849
47041,7.043153013501849
47043,6.949524879455566
47045,7.210434709276472
47047,6.931929383959089
47049,6.882730075291225
47051,7.072020053863525
47053,7.012967722756522
47055,6.8333258628845215
47057,7.072004795074463
47059,7.026503903525216
47061,6.854856491088867
47063,7.43032203401838
47065,7.605401175362723
47067,6.783051899501255
47069,6.811834403446743
47071,6.8666068485804965
47073,7.0413247517177036
47075,7.0213726588657925
47077,6.782472814832415
47079,6.938723291669573
47081,6.789039407457624
47083,7.046677316938128
47085,6.906712395804269
47087,6.862469468797956
47089,7.358647755214146
47091,6.376407963888986
47093,7.691211291721889
47095,7.468400274004255
47097,7.160779067448208
47099,6.862074443272182
47101,6.746295860835484
47103,6.962887355259487
47105,7.406077112470355
47107,7.253527505057199
47109,6.79889930997576
47111,6.8972866875784735
47113,6.934762137276786
47115,6.998563017163958
47117,6.989162581307547
47119,6.986374241965158
47121,7.246604783194406
47123,6.992456027439663
47125,7.302248137337821
47127,7.019867488316128
47129,6.86490399496896
47131,7.002856458936419
47133,6.8283064024788995
47135,6.687220437186105
47137,7.020321709769113
47139,7.122667653220041
47141,6.913056305476597
47143,7.074052333831787
47145,7.321471418653216
47147,7.343762125287737
47149,7.40899269921439
47151,6.782562868935721
47153,6.853355884552002
47155,6.854059219360352
47157,7.778979982648577
47159,6.970330647059849
47161,7.025444780077253
47163,7.370073522840228
47165,7.285605771200998
47167,7.130886077880859
47169,7.031064442225865
47171,6.430949483598981
47173,7.094232899802072
47175,6.813320364270892
47177,6.987410817827497
47179,7.204049587249756
47181,6.751330920628139
47183,6.88162442616054
47185,6.959880420139858
47187,7.256087916237967
47189,7.236324310302734
48001,7.361003194536481
48003,5.282779284885952
48005,7.488367148808071
48007,7.596583093915667
48009,6.85896178654262
48011,5.263623986925397
48013,6.922973155975342
48015,7.2703953470502585
48017,5.118548665727888
48019,6.821872779301235
48021,7.248620101383755
48023,6.406262397766113
48025,6.943926811218262
48027,7.706223828451973
48029,7.954363141741071
48031,6.923484870365688
48033,5.522710187094552
48035,7.148261683327811
48037,7.457277229854038
48039,7.573693071092878
48041,7.563002109527588
48043,6.202995572771345
48045,5.309573582240513
48047,6.823328358786447
48049,6.536135877881732
48051,7.418720722198486
48053,7.147996766226632
48055,7.29199082510812
48057,7.272623947688511
48059,6.365096569061279
48061,8.652905464172363
48063,8.239245210375104
48065,5.46872752053397
48067,7.467236450740269
48069,5.385116304670062
48071,7.596878324236188
48073,7.413067068372454
48075,5.654298373631069
48077,7.003137043544224
48079,4.880367176873343
48081,6.05500282560076
48083,6.264379501342773
48085,8.132699285234724
48087,5.3925153868538995
48089,7.207328251429966
48091,7.441208294459751
48093,6.734066826956613
48095,6.596597262791225
48097,7.24172442299979
48099,7.169289316449847
48101,5.609848839896066
48103,5.846856117248535
48105,6.830582482474191
48107,5.232502528599331
48109,5.487598351069859
48111,4.790187052318028
48113,9.005489962441581
48115,5.386661870138986
48117,5.196527753557477
48119,7.391067436763218
48121,8.1503312928336
48123,7.075378554207938
48125,5.2599904877798895
48127,6.983502183641706
48129,5.244789327893939
48131,6.964788028172085
48133,6.49431528363909
48135,5.939390659332275
48137,6.869925362723214
48139,7.695600373404367
48141,5.907634122031076
48143,6.839278697967529
48145,7.605403900146484
48147,7.170499665396554
48149,7.23050730569022
48151,5.691793101174491
48153,5.242278099060059
48155,5.984533037458148
48157,7.940307753426689
48159,7.772318635668073
48161,7.4591160501752585
48163,6.722802025931222
48165,5.235481057848249
48167,8.029422215053014
48169,5.341632638658796
48171,6.732366561889648
48173,6.298650673457554
48175,6.883117130824497
48177,7.804006440298898
48179,5.451767104012625
48181,7.401496410369873
48183,7.655725887843541
48185,7.445497717176165
48187,7.323322023664202
48189,5.284568650381906
48191,5.419874804360526
48193,6.837958608354841
48195,5.87081071308681
48197,5.944723469870431
48199,7.183954511369977
48201,8.841342381068639
48203,7.47692380632673
48205,4.931379795074463
48207,6.110063689095633
48209,7.408518041883196
48211,5.756490162440708
48213,7.4817754200526645
48215,8.37747062955584
48217,7.409873144967215
48219,5.147770404815674
48221,7.3040909085954935
48223,7.410117149353027
48225,7.393110139029367
48227,6.005602972848075
48229,5.323378903525216
48231,7.3495990208217075
48233,5.637449537004743
48235,6.646074295043945
48237,6.693718569619315
48239,7.137032100132534
48241,7.268311023712158
48243,4.928514889308384
48245,7.651886599404471
48247,6.853841917855399
48249,6.878410271235874
48251,7.537740843636649
48253,6.128309386117118
48255,7.159394196101597
48257,7.531934533800397
48259,6.9218822206769675
48261,7.15650394984654
48263,5.402562277657645
48265,6.64903279713222
48267,6.832745483943394
48269,5.673096793038504
48271,7.334842205047607
48273,7.090940066746303
48275,6.069097995758057
48277,7.185697555541992
48279,5.265320301055908
48281,7.03209604535784
48283,7.0813919476100375
48285,7.09191928591047
48287,7.223180021558489
48289,7.474322046552386
48291,7.407259328024728
48293,7.472845418112619
48295,5.903067861284528
48297,7.18703522000994
48299,6.88397741317749
48301,6.059287956782749
48303,5.59385701588222
48305,5.425068582807269
48307,6.556226457868304
48309,7.58888258252825
48311,7.315202031816755
48313,7.447079862867083
48315,7.437131745474679
48317,5.937856333596366
48319,6.595508371080671
48321,7.167951311383929
48323,7.452911785670689
48325,6.974554606846401
48327,6.4320341518947055
48329,6.566830021994455
48331,7.500239644731794
48333,6.688264233725412
48335,5.74494252886091
48337,6.911963871547154
48339,7.798868315560478
48341,5.497658797672817
48343,7.759603909083775
48345,5.28002050944737
48347,7.965180533272879
48349,7.586561952318464
48351,7.220861366816929
48353,6.037206717899868
48355,7.320354870387487
48357,5.93543004989624
48359,5.011253288813999
48361,7.5709549358912875
48363,6.831708567483084
48365,7.642418043954032
48367,7.206078461238316
48369,5.194255828857422
48371,6.460791110992432
48373,7.32046719959804
48375,5.533990791865757
48377,5.749946730477469
48379,7.392726693834577
48381,5.449553080967495
48383,6.58404506955828
48385,6.689751284463065
48387,7.241467680249896
48389,6.178571564810617
48391,7.060255799974714
48393,5.753416810716901
48395,7.534768853868757
48397,8.030554839542933
48399,6.234579358782087
48401,7.472995485578265
48403,7.394268376486642
48405,7.717475005558559
48407,7.381536211286273
48409,7.417661666870117
48411,6.720004217965262
48413,6.40691750390189
48415,5.5601058687482565
48417,6.511470181601388
48419,8.331975528172084
48421,5.46829468863351
48423,7.561946937016079
48425,7.199976512363979
48427,8.075101034981865
48429,6.564846243177142
48431,6.306583404541016
48433,5.822910036359515
48435,6.827685696738107
48437,5.235871246882847
48439,8.852796282087054
48441,6.228202274867466
48443,6.92361797605242
48445,5.152903284345355
48447,6.463422094072614
48449,7.877548694610596
48451,6.675239699227469
48453,8.100147111075266
48455,7.480727195739746
48457,7.21712098802839
48459,7.522748947143555
48461,6.577446801321847
48463,6.8813983372279575
48465,7.578795092446463
48467,7.354944910321917
48469,7.042759622846331
48471,7.536899294172015
48473,7.489725453513009
48475,6.04689005443028
48477,7.3563248089381625
48479,7.51081166948591
48481,7.159317629677909
48483,5.485405445098877
48485,6.931342261178153
48487,6.403352805546352
48489,7.7779580524989536
48491,7.776526042393276
48493,6.974591663905552
48495,5.622866834912982
48497,7.178744997297015
48499,7.607682977403913
48501,5.005785431180682
48503,6.573868070329938
48505,7.885751928601946
48507,6.896174090249198
49001,4.983997889927456
49003,5.591097116470337
49005,5.3108102934701105
49007,4.558674539838519
49009,4.182959863117763
49011,6.527167592729841
49013,4.554326057434082
49015,4.72380416733878
49017,4.276221888405936
49019,4.441526072365897
49021,4.725950717926025
49023,5.237014055252075
49025,4.363421133586338
49027,5.225763763700213
49029,5.286629813058036
49031,4.53678263936724
49033,4.796128136771066
49035,6.869420460292271
49037,4.143082209995815
49039,4.608315297535488
49041,4.407241855348859
49043,4.262394155774798
49045,5.505100965499878
49047,4.64665995325361
49049,5.674800872802734
49051,4.527666977473667
49053,4.740517820630755
49055,4.528880902699062
49057,5.8246268544878275
50001,6.529121058327811
50003,6.230168070111956
50005,6.188774653843471
50007,6.433799471173968
50009,6.177306583949497
50011,6.367805480957031
50013,6.386906147003174
50015,6.1294635363987515
50017,6.185398714882987
50019,6.402409076690674
50021,6.315958431788853
50023,6.149509293692453
50025,6.195960521697998
50027,6.203667163848877
51001,6.233339990888323
51003,6.8929098674229214
51005,6.5025738307407925
51007,6.662857464381626
51009,6.632012367248535
51011,6.65000227519444
51013,8.609151908329554
51015,6.725005490439279
51017,6.405083043234689
51019,6.654457705361502
51021,6.456026077270508
51023,6.622090544019427
51025,6.410924298422677
51027,6.706025191715786
51029,6.786603042057583
51031,6.679773671286447
51033,6.571973868778774
51035,6.422734941755023
51036,6.6179304122924805
51037,6.576872689383371
51041,7.016232626778739
51043,7.1688401358468195
51045,6.412213325500488
51047,7.00557940346854
51049,6.819244248526437
51051,6.756214686802456
51053,6.475023405892508
51057,6.467747892652239
51059,7.713576657431466
51061,6.868172713688442
51063,6.37036269051688
51065,6.860387802124023
51067,6.569705213819232
51069,7.206928661891392
51071,6.4397808483668735
51073,6.371139322008405
51075,6.801758970533099
51077,6.266031878335135
51079,6.866783210209438
51081,6.365658760070801
51083,6.637970175061907
51085,6.691268648420062
51087,7.148708752223423
51089,6.657317910875593
51091,6.294504301888602
51093,6.176524366651263
51095,6.46754653113229
51097,6.380283968789237
51099,6.544652189527239
51101,6.495131765093122
51103,6.420943260192871
51105,6.840545449938093
51107,7.252464226313999
51109,6.793514387948172
51111,6.515451431274414
51113,6.890117849622454
51115,6.261704853602818
51117,6.634200368608747
51119,6.165377276284354
51121,6.601626532418387
51125,6.652611596243722
51127,6.432465485164097
51131,6.289544991084507
51133,6.239188466753278
51135,6.601172174726214
51137,6.866613592420306
51139,7.439378602164132
51141,6.484238760811942
51143,6.601645129067557
51145,6.73784031186785
51147,6.632009165627616
51149,6.550346238272531
51153,7.207376343863351
51155,6.651532105037144
51157,6.888555322374616
51159,6.425574234553745
51161,6.745690890720913
51163,6.580252851758685
51165,7.287991455623081
51167,6.776604924883161
51169,6.882656029292515
51171,7.150856699262347
51173,6.569000244140625
51175,6.257275308881487
51177,6.826906681060791
51179,6.870426791054862
51181,6.225735868726458
51183,6.323459965842111
51185,6.5302237783159525
51187,7.208155291421073
51191,6.760706969669887
51193,6.4185663631984164
51195,6.895243235996792
51197,6.553913116455078
51199,6.4865907941545755
51510,8.448842797960554
51520,7.612468242645264
51530,7.158528396061489
51540,7.809782368796212
51550,6.4724635396684915
51570,7.361516203199114
51580,7.482009615216937
51590,7.21913937159947
51595,6.794101578848703
51600,7.836729526519775
51610,8.290668487548828
51620,6.496604919433594
51630,7.412641661507743
51640,7.124776635851179
51650,7.211284841809954
51660,8.268828255789622
51670,7.133743558611188
51678,6.992988518306187
51680,7.291428021022251
51683,7.965892314910889
51685,8.030873230525426
51690,7.224672862461635
51700,7.136922291346958
51710,7.409171513148716
51720,7.459817545754569
51730,7.220908164978027
51735,6.243328298841204
51740,7.401661327907017
51750,7.21546357018607
51760,7.807564054216657
51770,7.916680949074881
51775,7.801737444741385
51790,7.25997257232666
51800,6.2122490746634345
51810,6.5087295940944125
51820,7.560789585113525
51830,6.6973283631461005
51840,7.91153233391898
53001,6.912749631064279
53003,6.8860426630292615
53005,6.6793992178780695
53007,7.4950891222272595
53009,4.727824177060809
53011,6.322148595537458
53013,6.339728423527309
53015,5.397608961377825
53017,7.847336156027658
53019,7.773959364209857
53021,6.714207444872175
53023,6.617096355983189
53025,7.432470321655273
53027,4.911432709012713
53029,5.8069440977913995
53031,5.090067046029227
53033,6.079816477639334
53035,6.436373029436384
53037,6.161059992653983
53039,5.896759510040283
53041,5.320745876857212
53043,7.344829968043736
53045,5.44003827231271
53047,8.900951794215612
53049,4.503222533634731
53051,7.631475789206369
53053,5.785279955182757
53055,5.334793158939907
53057,6.39138514654977
53059,5.484016350337437
53061,6.169849395751953
53063,7.621459892817906
53065,7.789631571088519
53067,5.536430290767124
53069,4.756732600075858
53071,6.569305692400251
53073,6.850321020398821
53075,6.970249584742955
53077,6.268459865025112
54001,6.809488841465542
54003,7.399937902178083
54005,6.7384403092520575
54007,6.748813492911203
54009,8.39317580631801
54011,7.236632210867746
54013,6.801158019474575
54015,6.698185580117362
54017,6.97181681224278
54019,6.6024700573512485
54021,6.767639568873814
54023,7.050450461251395
54025,6.288176468440464
54027,7.096327713557652
54029,8.538074765886579
54031,7.03301647731236
54033,7.239802633013044
54035,7.12578855242048
54037,7.380406720297677
54039,6.9790962764195035
54041,6.796508925301688
54043,6.846179485321045
54045,6.749960558755057
54047,6.595197813851493
54049,7.284488677978516
54051,7.55586542401995
54053,7.475247314998081
54055,6.483519213540213
54057,7.292275428771973
54059,6.7611404827662875
54061,7.495462281363351
54063,6.427128723689488
54065,7.181666782924107
54067,6.4743547439575195
54069,7.878915309906006
54071,6.578507900238037
54073,7.365661484854562
54075,6.2178666932242255
54077,7.025154250008719
54079,7.297165530068534
54081,6.6846305302211215
54083,6.4175592831202914
54085,6.99266038622175
54087,6.860150745936802
54089,6.498200212206159
54091,7.116231305258615
54093,6.677225589752197
54095,7.179853166852679
54097,6.6363846233912875
54099,6.951785905020578
54101,6.406585148402622
54103,7.154639312199184
54105,6.987430163792202
54107,7.371684687478202
54109,6.544847624642508
55001,7.375521319253105
55003,5.667894635881696
55005,7.030952726091657
55007,5.641486576625279
55009,6.784346308026994
55011,7.244894232068743
55013,6.600546904972622
55015,6.912010942186628
55017,7.125258309500558
55019,7.020262513841902
55021,7.46520607812064
55023,7.080744743347168
55025,7.741544110434395
55027,7.079175880977085
55029,5.887761320386614
55031,6.048386369432722
55033,7.226753371102469
55035,7.203717436109271
55037,5.735726833343506
55039,6.913865838732038
55041,5.816938740866525
55043,7.214072363717215
55045,7.452479158129011
55047,7.207614421844483
55049,7.282196453639439
55051,5.608896732330322
55053,7.1987119402204245
55055,7.118677956717355
55057,7.3512283733912875
55059,7.145809854779925
55061,6.156088488442557
55063,7.419300011226109
55065,7.304332937513079
55067,6.313246250152588
55069,6.627519062587193
55071,6.406462873731341
55073,7.003688880375454
55075,5.857506615774972
55077,7.390245641980853
55078,6.142040320805141
55079,8.09664419719151
55081,7.303905895778111
55083,6.117611340114048
55085,6.210729054042271
55087,6.789344446999686
55089,6.803791046142578
55091,7.1875039509364536
55093,7.419760976518903
55095,7.188693795885359
55097,7.276233945574079
55099,6.284138747623989
55101,7.075787612370083
55103,7.149163654872349
55105,7.367871488843646
55107,6.751026562282018
55109,7.549139567783901
55111,7.404128755841937
55113,6.158436502729144
55115,6.455740315573556
55117,6.608857767922538
55119,6.805996690477644
55121,7.286577429090228
55123,7.145368031093052
55125,5.7812332425798685
55127,7.003698757716587
55129,6.389782701219831
55131,6.9368986402239114
55133,7.420900549207415
55135,6.766721793583462
55137,7.223328522273472
55139,7.167100020817348
55141,7.359295913151333
56001,4.937102862766811
56003,5.2064254624503
56005,5.27677093233381
56007,4.348137480872018
56009,4.965352535247803
56011,5.514330727713449
56013,4.5920655727386475
56015,5.130311829703195
56017,4.887879712241037
56019,4.954120329448155
56021,5.043790306363787
56023,4.741089514323643
56025,4.680246353149414
56027,5.195619651249477
56029,4.608064549309867
56031,5.174394743783133
56033,4.986363479069301
56035,4.581549712589809
56037,4.4960033893585205
56039,4.38286212512425
56041,4.608528818402972
56043,5.081338746207101
56045,5.338239806038993
